ID,Fatal_nonfatal,Time_Season,Time_Weekend,Time_TOD,Flight_DE,Flight_DE_Phase,Flight_Conducted_Under,Pilot_Certificate,Pilot_Airplane Rating,Pilot_Other Aircraft Rating,Pilot_Instrument Rating,Pilot_Instructor Rating,Pilot_Flight_Hours_general,Pilot_Age_general,Pilot_Sex_Female,Pilot_Seat Occupied,Pilot_Restraint Used,Second_Pilot_Instructor,AC_Airworthiness_Normal,AC_Landing Gear_Skid,AC_Airframe_general,AC_Seats_general,AC_Max_Gross_Wt_general,AC_Rated Power_Horsepower_general,AC_Engine_MFR,MF_Wind Speed_knots_general,MF_Altimeter_general,MF_Precipitation and Obscuration,MF_Visibility_miles,MF_Temperature_general,Aircraft Fire
1,0,3,0,0,6,2,0,0,2,0,1,2,5,3,0,1,,1,1,1,4,0,1,2,0,4,5,0,2,2,0
2,0,3,1,0,8,1,3,0,1,0,2,2,1,2,0,1,,2,1,1,3,0,0,1,0,2,4,0,2,3,0
3,1,3,0,0,5,2,4,1,0,0,1,0,5,2,0,1,,0,1,1,0,0,2,3,0,0,4,0,2,2,1
4,0,3,1,1,6,5,2,0,0,0,2,2,,3,0,2,,1,0,1,,1,4,4,2,,2,0,2,2,0
5,0,3,1,0,3,4,1,1,0,0,0,1,4,1,0,0,,1,1,1,,1,2,3,0,5,,0,2,0,0
6,0,3,0,1,8,2,4,1,0,1,1,0,3,1,,2,0,1,1,1,2,0,0,0,0,2,3,0,2,1,0
7,0,3,1,0,6,2,3,0,2,0,0,1,1,3,0,1,,1,1,1,3,1,1,1,0,5,0,0,2,3,0
8,0,3,0,0,8,2,3,2,1,1,2,2,0,0,0,2,,2,1,1,0,1,2,3,0,0,5,0,2,2,0
9,1,3,0,0,6,2,5,0,2,0,0,2,5,4,,2,0,1,1,1,1,3,5,5,2,1,2,0,2,0,0
10,0,3,0,0,4,1,3,3,2,1,2,2,2,3,0,1,,2,1,1,1,1,1,1,0,3,0,0,2,0,0
11,0,3,0,0,6,2,2,0,2,0,1,2,5,5,,0,3,1,0,1,3,0,2,3,0,0,,0,1,,0
12,0,3,1,0,5,3,0,0,2,0,0,2,5,4,0,2,,1,1,1,3,2,5,5,3,3,3,0,2,2,0
13,0,3,0,0,5,2,5,0,1,0,0,2,5,2,0,2,,0,1,1,4,1,5,4,3,4,4,0,2,1,0
14,0,0,0,0,5,1,3,1,2,0,1,0,5,4,0,2,,2,0,1,4,2,4,4,2,2,2,0,2,4,0
15,0,0,0,0,6,2,0,0,1,0,0,2,,4,,,,0,0,1,,0,5,5,0,2,3,0,2,2,0
16,0,0,1,0,4,2,1,1,1,0,0,1,5,3,0,2,,1,0,1,4,3,5,4,2,,2,0,2,6,0
17,0,0,0,0,1,2,4,3,1,0,2,2,0,1,,1,,1,1,1,4,1,1,1,0,4,5,0,2,3,0
18,0,0,1,0,5,2,5,1,2,0,0,0,3,2,,2,1,2,1,1,3,3,4,5,2,3,3,0,2,4,0
19,0,0,0,0,7,5,3,2,1,1,2,2,,1,1,2,,2,1,1,0,2,4,3,2,5,,0,1,,0
20,0,0,0,0,2,2,3,3,1,0,0,2,0,2,,2,,0,1,1,3,0,0,1,0,0,5,,,1,0
21,0,0,0,0,7,5,0,0,2,0,0,2,4,2,0,2,,1,1,1,,3,4,4,2,3,,0,2,3,0
22,0,0,0,0,4,2,4,3,2,0,2,2,3,4,,1,,1,0,1,0,0,1,1,1,3,4,0,2,4,0
23,0,0,0,0,5,0,3,1,2,1,1,0,2,3,,2,,1,1,1,2,0,0,0,0,3,3,0,2,2,0
24,0,0,0,0,4,2,0,0,1,0,2,2,5,3,,2,,1,0,1,4,0,4,4,2,,3,0,1,2,0
25,0,0,1,0,4,2,0,0,0,0,2,2,5,2,0,2,,1,0,1,5,0,3,4,2,5,0,0,2,5,0
26,0,0,1,0,4,2,1,0,0,0,1,2,5,4,0,2,,1,1,1,5,2,5,5,3,0,,,1,,0
27,0,0,1,0,8,4,4,2,1,1,2,2,0,4,0,,,1,0,0,0,0,4,3,1,4,0,0,2,5,0
28,0,0,0,0,6,0,0,1,0,0,0,1,5,5,0,1,,1,0,0,1,1,1,1,0,2,1,,1,5,0
29,0,0,0,0,4,2,0,0,0,0,1,0,5,2,,2,0,1,1,1,3,0,0,0,0,4,0,0,2,1,0
30,0,0,0,0,5,3,4,3,1,0,2,2,1,3,0,2,,1,1,1,1,1,2,3,0,2,,0,2,3,0
31,0,0,1,1,1,2,0,0,2,0,0,2,4,2,,2,,1,1,1,3,1,5,5,2,0,0,1,1,1,0
32,0,0,1,0,2,0,4,0,1,0,2,2,3,4,0,2,,1,1,1,1,0,0,0,0,3,2,0,2,3,0
33,0,0,0,0,8,5,4,0,0,0,1,0,5,4,0,2,,1,1,1,2,0,1,1,0,1,5,0,2,2,0
34,0,0,0,2,4,3,0,0,2,0,0,1,5,3,,2,1,1,0,0,3,3,5,5,1,3,3,0,1,4,0
35,0,0,0,0,0,2,2,1,0,0,0,1,2,2,0,2,,1,0,1,4,0,4,4,2,1,1,0,2,3,0
36,0,0,1,0,8,4,4,1,1,0,0,1,3,1,0,2,,1,1,1,2,0,0,0,0,,,,2,,0
37,0,0,0,0,6,3,0,0,1,0,0,1,3,1,0,2,,1,1,1,5,2,4,4,2,5,0,1,2,5,0
38,0,0,1,0,3,2,2,0,2,0,2,2,4,4,0,2,,1,1,1,,2,4,4,2,5,2,0,2,1,0
39,0,0,0,1,5,2,3,0,0,0,0,2,5,4,0,2,,2,1,1,3,1,5,5,1,3,1,0,2,3,0
40,0,0,0,0,6,2,0,0,0,0,0,2,5,4,0,2,,1,1,1,5,2,4,3,2,5,0,0,2,4,0
41,0,0,0,0,6,2,0,0,1,0,0,1,3,2,,2,,1,1,1,1,0,1,1,0,3,0,0,2,5,0
42,0,0,0,0,4,2,3,4,1,1,2,2,0,1,0,2,,2,1,1,4,0,0,1,0,3,2,1,2,5,0
43,0,0,0,0,2,2,2,0,2,0,0,2,4,2,0,2,,1,0,1,5,1,4,4,1,3,1,,2,2,0
44,0,0,0,0,4,2,1,0,1,0,2,2,,1,0,1,,2,1,1,1,1,2,3,0,1,3,0,,2,0
45,0,0,0,0,5,5,3,3,1,0,2,2,0,1,0,2,,2,1,0,2,0,1,1,0,2,3,0,2,5,0
46,0,0,1,0,4,5,0,1,1,0,0,1,1,2,1,2,,1,1,1,1,1,2,2,0,3,2,0,2,5,0
47,0,0,1,0,6,0,4,4,1,0,2,2,0,3,0,2,,1,1,1,5,0,1,1,0,2,4,0,2,4,0
48,0,0,0,0,6,2,0,1,0,0,0,1,5,4,,2,,1,1,1,4,2,5,5,3,1,0,0,2,2,0
49,0,0,0,0,6,2,4,3,0,0,0,2,5,4,0,1,,1,1,1,1,1,3,2,0,0,4,0,2,2,0
50,0,0,0,0,8,3,3,3,1,0,2,2,1,4,0,1,,0,1,1,1,1,1,1,0,2,3,0,2,4,0
51,0,0,0,0,6,0,4,1,2,0,1,1,2,3,,1,1,0,1,1,3,1,1,1,0,,2,0,2,5,0
52,0,0,1,0,4,2,4,1,0,1,0,1,5,4,,1,,1,0,1,5,2,3,4,2,,2,0,2,6,0
53,0,0,1,0,3,2,2,0,2,0,2,2,5,4,0,1,,1,1,1,4,1,2,4,2,1,3,1,1,2,0
54,0,0,0,0,4,2,2,0,2,0,2,2,4,3,0,2,,1,0,1,4,2,4,4,2,1,4,0,2,2,0
55,0,0,1,0,8,5,3,1,0,1,1,0,,2,0,2,,1,1,1,3,0,1,1,0,,2,0,2,6,0
56,0,0,0,0,5,4,4,0,0,0,1,2,4,3,0,2,,1,1,1,0,1,2,2,0,1,2,0,2,4,0
57,0,0,0,0,5,2,4,3,1,0,2,2,0,4,,1,,1,0,1,0,0,0,0,1,1,0,0,2,4,0
58,0,0,0,0,5,1,3,2,1,1,2,2,0,1,,2,,2,1,1,2,0,1,1,0,2,,1,1,,0
59,0,1,1,0,8,4,3,1,1,0,0,1,1,1,0,1,,1,1,1,1,1,1,1,0,1,2,0,2,4,0
60,0,1,0,0,3,2,0,1,1,0,2,1,2,1,0,0,,1,1,1,2,1,2,1,1,,,1,2,1,0
61,0,1,0,0,8,2,0,3,1,0,2,2,4,4,0,2,,2,1,1,1,3,5,4,1,4,2,0,1,5,0
62,0,1,1,0,5,5,4,3,1,0,2,2,1,4,0,2,,2,1,1,0,1,2,3,0,3,0,,2,5,0
63,1,1,0,0,3,2,0,0,2,0,2,2,1,1,,2,,0,1,1,1,1,2,3,0,,1,1,1,3,0
64,0,1,0,2,5,2,4,3,1,1,0,2,1,1,1,2,,1,1,1,,0,0,0,0,3,3,0,2,4,0
65,0,1,0,0,4,1,3,1,1,0,0,1,0,2,,2,,1,1,1,0,1,2,3,0,0,1,0,2,6,0
66,0,1,0,0,3,2,1,0,1,0,2,2,5,4,0,1,,1,0,1,5,2,5,5,0,,,0,2,3,0
67,0,1,0,0,8,2,2,0,1,0,0,1,1,0,0,2,,1,1,0,3,3,5,5,1,4,1,0,2,2,1
68,0,1,0,0,6,2,4,0,0,0,1,0,5,4,0,,,,1,0,4,1,0,1,0,4,,,,,0
69,1,1,1,0,3,2,4,3,0,0,1,2,4,5,,2,1,1,1,1,3,2,5,4,3,3,3,0,2,6,0
70,0,1,0,1,8,2,4,3,1,0,2,2,1,3,0,2,,1,1,1,1,1,2,3,0,0,2,0,2,4,0
71,0,1,0,0,1,2,4,0,0,1,1,2,2,4,0,1,,1,0,1,,0,1,0,1,1,1,0,2,4,0
72,0,1,1,0,2,2,3,0,2,1,1,2,1,1,0,1,,2,1,1,2,0,1,1,0,,2,0,2,6,0
73,1,1,0,0,7,2,3,3,2,1,2,2,0,3,0,2,,2,1,1,3,0,0,1,0,2,2,0,2,6,0
74,0,1,0,0,4,2,2,0,0,0,0,2,4,3,0,1,,1,0,1,4,0,3,3,0,,,,,,0
75,0,1,1,0,5,2,4,0,0,1,1,2,4,3,0,2,,1,1,1,2,2,4,3,3,1,0,0,2,3,0
76,0,1,1,0,8,3,2,1,1,0,0,1,3,1,0,2,,1,0,1,1,1,2,2,0,,2,0,2,6,0
77,0,1,0,0,5,3,3,0,0,0,1,2,,5,0,2,,2,1,0,1,0,0,1,0,3,2,0,2,0,0
78,0,1,1,0,3,2,4,3,2,1,2,2,3,4,0,1,,1,0,0,0,0,0,0,1,4,2,0,2,5,0
79,0,1,0,1,8,2,0,0,2,0,0,1,4,2,0,2,,1,0,1,2,2,5,5,3,,3,0,2,4,0
80,0,1,0,0,4,5,1,1,1,0,0,1,3,2,0,2,,1,1,1,2,1,2,3,0,3,,0,,1,0
81,0,1,0,0,5,2,4,3,2,0,2,2,0,4,0,1,,1,1,1,2,1,1,1,0,2,3,0,2,5,0
82,0,1,0,0,5,2,2,1,1,0,0,1,0,2,0,0,,1,1,1,5,0,3,3,0,0,0,0,2,4,0
83,0,1,0,0,4,2,1,0,2,0,2,2,5,4,,1,1,1,1,1,2,2,3,4,2,5,0,0,2,6,0
84,0,1,1,0,5,2,2,1,1,0,0,1,4,2,0,1,,1,1,1,5,1,3,3,2,2,0,,2,3,0
85,0,1,0,0,6,2,4,0,2,0,1,2,2,4,,2,3,1,1,1,2,2,3,3,2,2,4,0,2,4,0
86,0,1,0,0,8,2,1,0,1,0,0,2,5,4,,2,1,1,1,0,4,3,5,5,1,,1,0,1,4,0
87,0,1,0,0,7,4,4,3,2,1,2,2,2,3,0,1,,1,0,1,0,0,0,0,1,,,0,2,6,0
88,0,1,0,0,5,2,2,0,2,0,2,2,5,4,0,1,,1,1,1,5,1,3,3,2,0,,0,2,2,0
89,0,1,0,0,6,2,0,1,0,0,0,1,5,3,,2,,2,0,0,,3,5,5,1,,2,,2,5,0
90,0,1,1,1,4,2,5,0,1,0,0,2,4,3,0,2,,2,1,0,3,2,4,3,2,2,2,0,1,5,0
91,0,1,1,0,5,3,4,3,1,0,2,2,0,1,0,2,,1,1,1,1,1,2,3,0,4,2,0,2,3,0
92,0,1,1,0,2,2,4,0,1,0,2,2,0,0,0,2,,1,1,1,1,0,0,1,0,,5,0,2,4,0
93,0,1,0,0,1,2,4,0,2,0,0,2,4,2,0,1,,1,1,1,5,1,2,3,0,2,2,0,2,2,0
94,0,1,0,1,1,2,5,0,1,0,2,2,4,2,,1,,0,1,1,3,1,3,4,2,,2,0,2,3,1
95,0,1,1,0,5,1,3,4,1,0,2,2,0,0,,2,,2,1,1,1,0,0,0,0,,,0,2,6,0
96,0,1,1,0,6,2,5,1,0,0,0,1,4,1,,2,,1,1,1,1,2,5,5,3,,4,0,2,5,0
97,1,1,1,1,0,5,4,1,0,0,0,0,5,4,,2,,1,1,1,2,3,5,5,2,1,4,0,2,3,0
98,0,1,0,0,3,2,2,0,0,0,1,2,5,5,,2,,1,0,1,3,1,4,4,2,2,2,0,2,2,0
99,0,1,1,0,1,2,5,0,1,0,0,2,3,2,,2,1,1,1,1,2,2,5,5,2,3,3,0,2,4,0
100,0,1,1,0,8,4,1,0,0,0,0,1,5,4,0,2,,1,1,1,4,2,5,5,3,3,,0,2,1,0
101,1,2,1,0,4,2,4,2,1,1,2,2,0,4,0,1,,1,0,1,0,0,1,0,0,,4,0,2,4,0
102,0,2,1,0,7,2,3,2,1,1,2,2,0,2,0,2,,2,1,1,,0,0,1,0,,,0,2,5,0
103,0,2,1,0,8,2,2,1,1,0,2,1,5,4,0,2,,2,0,0,5,1,5,5,1,,2,0,2,5,0
104,1,2,1,0,6,2,0,0,2,0,0,2,5,4,0,2,,1,1,1,4,2,5,4,2,3,4,0,2,3,0
105,0,2,0,0,4,1,0,0,0,0,0,2,4,3,,2,,0,1,1,5,3,4,5,2,3,3,0,2,4,0
106,0,2,0,0,8,4,4,2,1,1,2,2,,5,0,,,1,1,0,,1,1,1,0,1,2,0,2,3,0
107,1,2,0,0,5,2,0,0,1,0,2,2,2,2,0,2,,1,1,1,2,0,0,0,0,,3,,2,5,0
108,0,2,0,0,8,3,2,0,0,0,1,2,,4,0,2,,1,0,1,1,1,2,3,0,,4,0,2,4,0
109,0,2,0,0,4,2,4,4,1,0,2,2,,3,0,,,1,1,1,,1,2,1,1,3,4,0,2,4,0
110,0,2,0,0,5,2,0,1,1,0,0,1,3,1,,1,0,1,1,1,5,1,4,4,2,1,5,0,2,4,0
111,0,2,0,0,4,5,3,3,2,1,2,2,,5,0,,,2,1,1,3,0,1,1,0,4,0,0,2,6,0
112,0,2,0,0,5,5,4,0,0,0,1,2,5,4,0,2,,,1,1,1,1,2,3,0,,4,0,2,2,0
113,0,2,0,0,5,1,5,1,2,0,0,1,5,3,,2,,2,1,1,5,1,3,4,2,5,0,0,2,6,0
114,0,2,0,0,8,4,0,0,2,0,0,1,5,2,0,2,,2,1,0,3,3,5,5,3,1,3,0,2,5,0
115,0,2,0,0,5,1,3,1,1,1,0,1,1,1,0,2,,1,1,1,2,0,0,0,0,,0,0,2,1,0
116,0,2,0,0,4,2,0,0,2,0,0,2,5,3,0,1,,1,1,1,3,1,3,5,2,1,2,,2,2,0
117,0,2,0,0,,2,4,2,1,1,2,2,,2,0,2,,1,1,0,,1,2,3,0,,1,0,2,3,0
118,0,2,0,0,5,2,0,3,2,0,2,2,2,2,0,2,,1,1,1,3,0,0,1,0,3,5,0,2,2,0
119,1,2,1,0,0,5,0,0,1,0,0,2,5,4,,2,1,1,1,1,4,3,5,5,2,,4,1,0,3,0
120,1,2,0,0,3,2,4,3,0,0,1,2,4,5,0,2,,1,1,1,1,2,4,4,2,0,4,0,2,5,0
121,0,2,1,0,8,2,4,3,2,0,2,2,2,4,,2,,1,1,1,1,1,2,3,2,,5,0,2,1,0
122,0,2,0,0,6,2,1,0,1,0,2,2,4,1,,1,3,1,0,1,3,0,5,5,1,1,0,0,2,5,0
123,1,2,0,1,0,2,0,1,0,0,1,0,5,3,,2,1,1,1,1,1,3,5,5,2,2,3,1,0,1,0
124,1,2,0,1,5,2,0,1,1,0,0,1,3,1,,2,,1,1,1,1,1,2,2,0,1,3,0,2,4,0
125,0,2,1,2,2,0,1,0,0,0,0,2,5,4,0,2,,1,1,0,2,2,3,5,1,4,5,0,2,1,0
126,0,2,1,0,4,2,5,0,1,0,2,2,4,3,0,2,,1,0,1,4,1,4,4,2,3,3,0,2,5,0
127,0,2,1,0,8,4,1,0,0,0,1,2,5,4,0,2,,1,1,1,5,2,4,5,3,4,1,0,2,4,0
128,0,2,1,1,8,4,0,0,2,0,0,2,4,3,,2,0,1,1,1,3,1,3,5,1,,2,0,2,2,0
129,0,2,0,2,,3,0,0,1,0,0,2,4,2,,2,,2,1,0,2,3,5,5,1,0,3,0,2,2,0
130,0,2,0,0,8,5,0,0,2,0,2,2,5,5,0,2,,1,1,1,1,1,2,3,0,3,2,0,,5,0
131,0,2,0,0,8,2,3,3,2,1,2,2,1,1,0,2,,1,1,1,4,0,0,1,0,5,2,0,2,6,0
132,0,2,1,0,2,2,4,3,1,0,2,2,5,3,,1,,1,1,1,2,1,2,2,0,4,2,0,2,2,0
133,0,2,1,0,2,2,0,1,2,0,0,1,3,2,,1,3,0,1,0,3,0,0,1,0,5,1,0,2,5,0
134,0,2,0,0,5,5,4,1,1,0,2,1,3,2,,1,,2,1,0,0,0,0,0,0,2,2,0,2,3,0
135,1,2,1,1,3,2,5,0,1,0,0,2,4,3,,2,,0,1,1,3,1,2,4,2,,2,0,2,2,0
136,0,2,1,0,3,2,5,0,1,0,2,2,5,3,1,2,,1,0,1,5,1,4,4,2,2,3,0,2,3,0
137,0,2,0,0,8,5,3,0,2,1,1,0,4,4,0,2,,1,1,1,1,1,2,3,0,0,3,0,2,3,0
138,1,2,0,0,3,2,0,1,1,0,0,1,3,0,,1,,1,1,1,5,1,3,4,2,,5,0,2,1,0
139,0,2,1,0,8,4,5,0,1,0,0,2,4,1,,2,,1,1,1,1,2,5,4,3,4,4,0,2,5,0
140,1,2,0,1,8,4,4,0,0,0,1,0,3,4,,2,,1,1,1,0,1,2,3,0,,2,1,0,2,1
141,1,2,0,0,3,2,1,0,1,0,2,2,4,2,,1,,1,1,1,,1,3,4,2,3,5,0,2,2,0
142,0,2,0,0,2,2,1,0,2,0,0,1,4,1,0,1,,1,1,1,3,1,3,4,2,1,2,0,2,1,0
143,1,2,1,0,1,2,4,1,0,0,1,0,5,4,,1,0,1,1,1,2,0,0,1,0,3,4,0,2,4,0
144,1,3,1,0,3,2,4,0,1,0,2,2,4,3,,,,1,1,1,,1,2,1,0,2,3,1,1,1,0
145,0,3,1,0,8,4,0,0,1,0,0,2,5,3,0,1,,1,1,1,4,1,3,4,2,5,3,0,2,2,0
146,0,3,1,0,3,2,0,0,1,0,2,2,4,4,0,2,,1,1,1,1,1,2,3,0,,,0,2,,0
147,0,3,1,0,4,2,3,3,2,1,2,2,3,2,0,1,,2,1,1,1,1,1,1,0,,0,0,2,2,0
148,0,3,0,0,5,3,1,1,0,0,0,1,5,5,0,1,,1,1,1,1,0,0,1,0,4,1,0,2,0,0
149,0,3,0,0,1,2,4,3,1,0,2,2,0,5,0,1,,1,0,1,0,0,0,0,1,,5,0,2,2,0
150,0,3,1,0,5,1,3,4,1,1,2,2,0,1,0,2,,2,1,1,2,0,0,0,0,,0,0,2,1,0
151,0,3,0,0,8,4,4,3,1,0,2,2,2,5,,2,,1,1,1,1,0,0,1,0,0,,0,2,0,1
152,0,3,0,1,8,5,0,0,1,0,0,2,4,1,0,2,,1,1,1,0,1,5,5,2,5,1,0,2,4,0
153,0,3,1,0,8,4,5,0,1,0,2,2,1,1,0,2,0,1,1,1,,3,5,5,2,,4,0,2,6,0
154,0,3,0,0,4,2,0,1,2,0,0,1,5,4,,1,1,1,1,1,1,2,5,5,3,3,5,0,2,1,0
155,1,3,0,1,0,2,0,0,0,0,1,2,3,4,,2,,1,1,1,3,2,4,4,2,1,5,1,0,0,1
156,0,3,0,2,1,1,3,4,1,1,2,2,0,1,0,2,,2,1,1,2,0,0,1,0,,3,0,2,3,0
157,0,3,0,2,8,2,4,0,2,0,1,2,5,4,0,2,,1,1,1,1,1,2,3,0,1,5,0,1,1,0
158,0,3,0,0,3,2,2,0,0,0,2,2,4,3,0,1,,1,0,1,2,0,3,3,0,,5,0,1,2,0
159,1,3,0,1,5,2,0,0,2,0,0,1,4,3,,2,,1,1,1,1,2,5,5,2,3,3,0,1,0,1
160,0,3,0,0,6,2,2,0,0,0,2,2,5,4,,2,,1,0,1,3,0,3,4,2,0,,0,2,1,0
161,0,3,0,0,6,1,3,0,1,0,0,2,0,1,,1,0,2,1,1,4,0,0,0,0,2,2,0,2,1,0
162,0,3,0,0,4,2,4,0,0,0,1,2,3,4,,0,,1,0,1,0,0,0,0,1,3,3,0,2,4,0
163,0,3,1,0,4,2,0,1,0,0,0,1,4,3,0,0,,1,1,1,2,1,2,2,1,,5,0,2,1,0
164,0,3,0,0,4,2,4,3,1,0,2,2,1,3,0,1,,1,1,1,3,1,2,2,2,2,4,,,0,0
165,0,3,0,0,5,1,3,3,1,0,2,2,0,1,0,2,,2,1,1,,0,0,1,0,1,3,0,2,4,0
166,0,3,0,1,6,5,0,1,1,0,0,1,3,2,0,2,,1,1,1,2,1,2,3,0,5,0,0,2,2,0
167,0,3,1,0,6,2,4,3,1,0,2,2,1,1,0,2,,1,1,1,1,0,0,0,0,4,5,,2,3,0
168,0,3,0,0,4,5,0,1,2,0,2,1,2,2,,2,,1,1,1,2,1,3,2,1,,3,0,2,2,0
169,1,3,0,1,3,2,0,1,0,0,1,1,5,4,,2,,1,1,1,3,2,4,2,2,,2,0,2,0,0
170,0,3,0,0,4,2,2,0,0,0,1,2,5,1,0,2,,1,1,1,4,2,4,4,2,0,,0,2,1,0
171,0,3,0,0,4,2,0,1,1,0,2,1,0,2,,2,,1,1,1,5,2,4,4,2,,2,0,2,1,0
172,0,3,0,0,6,2,5,0,0,1,0,2,4,2,,2,,1,0,1,3,1,4,3,2,3,3,,2,2,0
173,1,3,0,0,3,2,5,1,0,0,1,1,5,5,,2,1,1,0,1,5,2,4,4,2,,1,0,2,1,0
174,1,3,1,1,4,2,0,0,1,0,0,2,4,3,0,2,,1,1,1,3,2,5,5,1,3,2,,2,3,1
175,1,0,1,0,3,2,0,1,1,0,0,1,5,3,,1,0,1,1,0,4,1,3,3,2,5,0,0,2,5,0
176,0,0,1,0,5,2,4,3,1,0,2,2,1,3,0,2,,1,1,1,0,1,2,3,0,3,2,0,2,5,1
177,0,0,0,0,4,2,3,3,1,0,2,2,1,1,0,2,,2,1,1,2,1,2,1,0,2,5,,2,2,0
178,1,0,1,0,6,2,0,0,2,0,0,2,5,5,,2,2,1,0,0,3,3,5,5,3,5,3,0,2,4,0
179,0,0,0,0,5,0,3,3,1,0,0,2,0,1,0,2,,2,1,1,4,0,0,1,0,5,1,0,2,3,0
180,0,0,0,0,1,5,3,3,1,0,2,2,0,0,,2,,2,1,0,2,0,1,1,0,2,1,0,1,4,0
181,0,0,0,0,8,3,1,0,2,0,2,2,5,2,0,2,,1,1,1,1,2,5,5,3,,,0,2,0,0
182,0,0,0,0,5,2,3,0,0,1,1,2,4,4,0,1,,1,1,1,,1,1,1,0,,,,,,0
183,1,0,0,0,5,3,4,3,1,0,0,2,2,5,0,2,,1,1,1,,1,2,4,2,2,5,0,2,2,0
184,0,0,1,0,5,3,4,3,1,0,2,2,0,1,,2,,1,1,1,,1,1,1,0,2,5,0,2,1,0
185,0,0,0,0,4,0,3,4,1,1,2,2,0,3,,1,0,1,1,1,3,1,3,2,0,2,2,0,2,2,0
186,0,0,0,0,5,3,4,1,0,0,1,0,,5,,,,1,1,1,,2,2,3,2,1,3,0,2,1,0
187,1,0,0,0,6,2,0,0,2,0,2,2,5,3,,2,0,1,1,1,0,1,2,2,0,4,2,0,2,5,1
188,0,0,1,0,5,2,5,3,1,0,2,2,2,2,0,2,,2,0,1,4,1,4,4,2,1,0,0,2,5,0
189,0,0,1,0,5,2,4,0,0,0,2,2,5,5,,1,,0,1,1,0,1,2,3,0,1,3,0,1,1,0
190,0,0,0,0,3,1,3,1,0,0,0,1,3,0,,2,,2,1,1,5,3,4,5,2,3,1,0,2,2,0
191,0,0,1,0,5,2,4,1,0,0,1,0,5,2,0,2,,1,1,1,1,1,2,3,0,5,0,0,2,1,0
192,0,0,1,0,3,2,0,1,2,0,0,1,5,4,0,2,,1,1,1,4,2,4,4,2,2,5,0,2,1,0
193,0,0,0,0,5,2,0,0,2,1,0,2,2,3,0,1,,1,1,1,2,1,1,1,0,5,0,0,2,3,0
194,0,0,0,0,6,2,5,1,0,0,0,1,4,2,,2,,1,1,1,1,3,5,5,2,3,1,0,2,2,0
195,1,0,1,0,3,2,4,3,0,0,1,2,5,5,,,,1,1,1,4,2,4,3,2,4,3,0,2,2,1
196,0,0,1,1,3,2,2,0,1,0,0,1,3,2,,2,1,1,0,1,3,1,4,4,2,,0,0,2,4,0
197,0,0,0,0,5,5,2,0,2,0,2,1,3,1,,1,,1,0,1,1,0,2,2,0,,5,0,2,3,0
198,0,0,0,0,5,2,3,4,1,1,2,2,0,3,,1,,2,1,1,2,1,1,1,0,,,0,2,0,0
199,0,0,0,0,6,2,0,0,2,0,0,2,4,3,0,2,,1,1,1,5,3,4,5,2,4,1,0,2,4,0
200,0,0,0,0,5,2,0,0,1,0,2,2,3,3,,2,0,1,1,1,4,2,4,4,3,0,4,0,2,3,0
201,0,0,0,0,4,2,0,1,1,0,0,1,1,1,,2,,1,1,1,4,0,0,1,0,3,2,0,1,5,0
202,0,0,0,0,5,3,5,0,2,0,0,2,5,2,,2,,2,0,1,4,1,4,4,2,2,4,0,2,5,0
203,0,0,1,0,3,1,3,0,0,1,1,2,,1,0,2,,2,1,1,,3,4,5,2,,2,1,0,3,0
204,0,0,1,0,8,2,2,1,0,0,0,0,3,0,0,2,,1,1,1,5,2,4,3,2,2,0,0,2,3,0
205,0,0,0,0,3,2,1,0,2,1,0,2,4,1,0,1,,1,1,1,4,0,4,4,2,4,1,0,,5,0
206,0,0,0,1,4,2,3,0,2,1,0,2,5,3,,2,0,0,0,1,5,2,4,4,2,1,5,,2,2,0
207,1,0,1,0,3,2,0,1,0,0,0,1,3,1,,2,,1,1,1,1,1,2,3,0,2,5,0,2,3,1
208,0,0,1,0,6,2,4,1,0,0,1,1,3,4,,1,,1,1,1,4,1,3,3,0,1,1,0,2,2,0
209,0,0,0,1,4,2,5,1,2,0,0,1,4,3,,2,,1,1,1,1,3,5,5,2,,4,0,2,4,0
210,0,1,0,0,5,1,3,3,1,0,2,2,0,1,0,2,,2,1,1,3,0,0,1,0,3,3,0,2,2,0
211,0,1,0,0,6,2,1,0,0,0,0,2,5,3,0,2,,1,1,1,3,3,4,4,2,2,0,0,2,6,0
212,0,1,0,0,8,2,4,1,1,0,0,1,4,3,,1,0,0,1,1,1,1,2,3,0,3,1,0,2,4,0
213,0,1,0,0,4,2,0,0,1,0,2,2,3,2,,2,,1,1,1,,0,0,0,0,1,0,0,2,6,0
214,1,1,0,1,0,0,0,0,0,0,0,0,4,4,,2,,1,1,1,5,1,4,5,2,,0,1,0,3,1
215,0,1,1,1,5,3,3,0,1,0,0,2,5,5,,2,0,2,1,1,3,2,5,5,3,1,1,0,2,4,0
216,0,1,1,0,1,1,3,1,0,0,1,1,5,4,0,2,1,2,1,1,5,2,5,5,3,2,4,0,2,5,0
217,0,1,0,0,2,5,4,3,1,0,2,2,1,1,0,2,,1,1,1,3,0,1,1,0,0,1,0,2,5,0
218,1,1,0,0,5,2,2,0,1,0,0,2,4,2,,1,1,1,0,1,3,0,3,3,2,3,3,0,2,2,1
219,0,1,0,0,4,0,3,4,1,1,2,2,,3,0,1,,2,1,1,,1,1,1,0,,,,,,0
220,0,1,1,0,4,0,4,1,2,0,0,1,1,2,,1,,1,1,1,3,1,1,1,0,0,5,0,2,5,0
221,0,1,0,0,3,2,0,1,1,0,0,1,1,1,,2,0,1,0,1,2,2,4,4,2,3,0,0,2,2,0
222,0,1,0,0,4,2,0,1,2,0,0,1,3,2,,1,1,1,1,1,3,1,3,4,2,,1,0,2,5,0
223,0,1,0,0,8,2,0,1,0,0,0,1,4,4,,2,,1,1,1,,1,2,2,0,,,0,0,,0
224,0,1,0,0,5,2,3,4,1,1,2,2,0,1,,2,0,1,1,1,2,1,2,2,0,0,5,0,2,6,0
225,0,1,1,0,4,2,0,0,1,0,0,1,2,1,,1,0,1,0,1,3,0,1,2,1,2,0,0,2,5,0
226,0,1,1,0,2,2,1,0,2,0,2,2,5,5,,1,0,1,1,1,3,3,4,4,2,,5,0,2,5,0
227,0,1,0,0,4,2,4,0,1,0,2,2,1,1,,2,,1,1,1,4,2,4,5,3,,4,0,2,4,0
228,0,1,1,0,3,3,0,4,1,1,2,2,0,4,,,,1,1,1,,1,2,1,1,3,0,0,2,5,0
229,0,1,0,0,4,2,0,0,1,0,0,1,3,0,0,2,1,1,1,1,2,2,4,5,2,2,0,0,2,5,0
230,0,1,0,0,6,2,0,0,0,0,1,2,3,4,,1,1,1,1,1,2,1,1,1,0,,3,0,2,4,0
231,0,1,0,0,5,2,3,3,1,1,0,2,0,0,,2,,2,1,1,,0,0,0,0,,5,0,2,2,0
232,0,1,1,0,3,2,2,0,0,0,0,2,5,5,,2,,1,0,1,,1,3,3,0,3,2,0,2,5,0
233,0,1,1,0,5,1,0,0,1,0,0,2,5,4,,1,,2,1,1,,3,4,5,2,1,,0,2,,0
234,0,1,1,0,3,2,2,0,1,0,0,2,5,5,,2,,1,0,1,5,2,4,4,2,3,3,0,2,6,0
235,1,1,0,0,5,2,1,1,0,0,1,1,4,1,,1,3,1,0,1,5,3,5,5,0,1,5,0,2,3,0
236,0,1,0,0,5,2,3,0,1,0,0,1,4,2,1,1,,2,1,1,5,2,5,5,3,,0,,2,4,0
237,1,1,0,1,3,2,5,1,2,0,0,1,4,2,,2,1,2,0,1,3,3,5,5,1,2,1,0,2,6,0
238,0,1,0,0,5,1,4,1,1,0,2,1,1,1,0,1,,1,0,1,2,1,1,1,0,,2,0,2,6,0
239,0,1,0,0,1,0,4,3,2,0,2,2,3,3,,1,,1,1,1,2,1,1,1,0,,2,0,2,4,0
240,0,1,0,0,5,2,2,1,0,0,1,1,5,4,,0,1,1,0,1,2,0,3,3,0,2,3,0,2,3,0
241,0,1,1,0,6,2,3,3,2,0,2,2,0,4,,1,3,2,1,1,3,1,1,1,0,3,3,0,2,6,1
242,1,1,1,0,6,2,0,0,2,0,0,1,4,1,,1,0,1,1,1,0,1,2,2,0,3,2,0,2,2,0
243,0,1,0,0,5,2,2,0,1,0,2,2,2,0,,2,0,1,1,1,1,1,2,3,0,3,2,0,2,3,0
244,1,1,1,1,0,2,4,1,1,0,2,1,3,1,,2,0,1,1,1,0,2,3,3,2,1,2,1,0,3,0
245,0,1,0,2,3,2,2,0,2,0,0,1,5,3,,0,0,1,0,1,,0,3,3,0,,4,0,2,1,0
246,0,1,0,0,3,2,5,0,0,0,0,2,4,2,,1,0,1,1,1,,1,3,4,2,,5,0,2,3,1
247,0,1,0,0,4,2,1,0,0,0,1,2,2,1,,1,1,1,1,1,4,0,3,4,2,1,4,0,2,3,0
248,0,1,0,0,3,2,2,0,2,0,1,2,5,4,,2,,1,0,1,5,0,4,4,2,,3,0,2,2,0
249,1,1,0,0,3,2,1,1,1,0,0,1,4,0,0,1,,1,1,1,3,1,4,4,2,4,3,0,2,5,0
250,0,1,0,0,4,2,1,0,0,0,0,2,5,4,,1,1,1,1,1,4,2,3,4,2,3,1,0,2,4,0
251,0,1,0,0,5,2,4,0,2,0,1,0,3,5,,0,0,1,0,1,0,0,0,0,1,1,2,0,2,5,0
252,0,1,0,0,5,5,2,1,1,0,0,1,3,3,,1,3,1,0,1,0,1,3,3,0,0,1,0,2,5,0
253,0,1,0,0,6,2,1,0,0,0,1,2,1,2,,1,3,1,0,1,4,2,5,5,0,2,0,0,2,3,0
254,0,1,1,0,4,2,4,3,1,1,0,2,0,0,,2,0,1,1,1,3,2,4,4,2,1,3,0,2,5,0
255,0,1,0,0,4,2,5,0,1,1,0,2,5,1,0,2,1,1,1,1,4,1,3,4,2,2,3,0,2,5,0
256,0,1,0,0,5,1,3,0,0,1,1,2,5,1,,2,,0,1,1,,0,0,0,0,,,,,,0
257,0,1,0,0,8,2,1,0,1,0,0,1,5,1,,1,,1,1,1,2,1,4,4,2,2,2,0,2,4,0
258,0,1,0,0,3,2,4,0,0,0,1,2,5,4,0,2,,1,1,1,0,1,2,2,0,5,5,0,2,5,0
259,0,1,0,0,5,1,3,3,2,1,2,2,1,5,,1,3,0,0,1,2,0,2,3,0,2,3,,2,4,0
260,0,1,0,0,5,2,4,1,0,0,1,0,4,1,,2,0,1,1,1,1,0,1,1,0,,,,2,5,0
261,0,1,1,0,6,0,0,0,2,0,0,2,2,1,,1,3,1,0,1,2,0,3,1,1,,2,1,1,4,0
262,1,1,1,0,3,2,4,0,1,0,0,1,4,1,,2,0,1,1,0,0,1,2,3,0,4,3,,2,6,0
263,0,2,1,0,3,2,2,0,1,0,0,2,2,1,,0,0,1,0,1,3,0,3,3,0,1,3,,2,3,0
264,0,2,1,0,5,2,5,1,0,0,0,1,5,4,,2,1,1,1,1,5,3,4,5,2,3,3,0,2,6,0
265,0,2,0,0,1,2,2,1,0,0,1,0,5,4,,1,0,1,1,1,5,0,3,3,0,1,2,0,2,2,0
266,1,2,0,0,1,2,1,0,0,0,0,2,5,3,,1,,1,0,1,0,0,5,5,0,0,1,0,2,3,0
267,1,2,1,0,6,2,4,3,0,0,1,2,3,3,,,,1,0,1,2,3,5,5,0,4,3,0,2,5,1
268,1,2,1,0,8,4,0,1,0,0,0,1,5,3,,2,,1,1,1,2,1,1,1,0,,4,0,2,2,0
269,0,2,0,0,3,2,2,0,2,0,2,2,4,4,,0,,1,0,1,3,0,3,3,0,,3,0,2,3,0
270,0,2,0,0,5,2,3,4,1,1,2,2,0,2,,,,2,1,1,,0,0,0,1,2,2,,2,3,0
271,0,2,1,0,6,2,4,1,0,0,1,1,5,3,,1,0,1,0,1,,0,1,0,1,,3,0,2,2,0
272,1,2,0,0,3,2,1,1,1,0,0,1,4,1,,1,0,1,1,1,3,1,3,4,2,5,5,0,2,3,1
273,0,2,1,0,8,2,0,1,0,0,0,1,5,5,,2,1,1,1,1,5,3,4,5,2,0,2,0,2,4,1
274,0,2,0,1,0,5,0,3,1,0,2,2,1,3,,2,0,1,1,1,0,1,2,2,0,,5,0,0,1,0
275,1,2,0,1,0,2,0,0,2,0,0,2,4,3,,2,1,1,1,1,3,1,5,5,3,,3,0,2,2,1
276,0,2,0,0,8,0,2,0,1,0,2,1,5,3,,2,,1,0,1,4,0,4,4,2,,4,0,2,2,0
277,0,2,0,0,7,3,3,3,1,0,2,2,1,2,,2,0,2,1,1,0,2,5,5,3,2,4,0,2,4,0
278,0,2,1,0,4,0,5,1,0,0,1,0,5,3,,2,1,2,0,1,3,1,4,4,2,5,3,0,2,2,0
279,0,3,0,0,3,2,0,0,2,0,0,2,5,3,,2,,1,0,1,4,3,5,5,2,2,2,0,2,2,0
280,0,2,0,0,5,0,3,1,0,0,0,1,5,3,,2,1,2,1,1,2,2,5,5,3,4,2,0,2,5,0
281,0,2,1,0,4,0,5,1,0,0,1,0,5,3,,2,1,2,0,1,3,1,4,4,2,5,3,0,2,2,0
282,0,2,0,0,3,2,0,0,2,0,1,2,4,4,,1,0,1,1,1,5,2,4,3,2,,,0,2,1,0
283,0,2,1,0,1,2,1,0,2,0,2,2,3,4,,2,,1,1,1,5,2,4,3,2,1,0,0,2,1,0
284,0,2,1,0,5,2,0,0,1,0,0,2,4,2,,2,1,1,1,1,4,1,5,4,1,1,5,0,2,2,0
285,0,2,0,0,8,5,3,4,1,1,2,2,0,1,,2,0,2,1,1,2,1,2,2,0,2,5,0,2,1,0
286,0,3,1,0,3,5,0,1,2,0,0,1,5,1,,1,,1,1,1,,1,3,4,2,,4,0,2,0,0
287,0,3,1,0,5,3,3,4,1,1,2,2,0,0,,1,1,2,1,1,3,0,1,1,0,1,4,0,2,1,0
288,1,3,1,0,4,2,0,0,2,0,2,2,5,3,,0,1,1,0,1,4,0,3,3,0,2,4,0,2,4,1
289,0,3,0,0,6,2,0,0,0,0,1,2,5,5,,2,,1,0,1,4,1,3,3,0,1,5,0,1,0,0
290,0,3,0,0,1,0,0,1,1,0,0,1,4,1,,1,1,1,1,1,4,3,5,5,3,1,4,0,2,3,0
291,0,3,0,0,8,3,0,0,2,0,2,1,5,3,,2,1,1,1,1,5,2,4,4,2,3,5,0,2,1,0
292,0,3,0,0,7,3,3,2,1,1,2,2,0,2,,2,0,2,1,1,4,0,0,0,0,4,4,,2,3,0
293,0,3,1,0,6,2,5,1,0,0,0,0,3,1,,2,2,1,1,1,1,2,5,5,3,3,1,0,2,3,1
294,0,3,0,0,1,3,3,2,1,1,2,2,0,0,,2,0,1,1,1,2,0,1,1,0,3,0,0,1,2,0
295,0,3,1,1,8,5,5,0,0,0,0,1,5,3,0,2,2,2,1,1,2,2,5,5,3,1,0,0,2,1,1
296,0,3,0,0,6,3,0,1,0,0,1,1,4,4,0,1,3,1,1,1,2,0,1,2,1,3,3,0,2,1,0
297,0,3,0,0,5,5,4,1,2,0,2,1,3,3,,1,,1,1,1,1,0,1,1,0,2,5,0,2,2,0
298,0,3,0,0,1,3,3,3,1,0,0,2,1,2,,1,3,2,1,1,4,0,1,1,0,,5,0,2,1,0
299,0,3,0,0,7,2,3,4,1,1,2,2,0,1,,2,0,2,1,1,2,0,0,0,0,3,5,0,2,3,0
300,0,3,0,0,8,1,5,1,0,0,1,0,4,4,0,1,1,2,1,1,2,0,3,3,2,4,3,0,2,5,0
301,0,3,0,0,7,4,3,3,1,0,0,2,1,1,,2,0,2,1,1,5,2,4,4,2,3,2,0,2,0,0
302,0,3,1,0,6,2,0,1,2,0,1,1,2,3,,2,0,1,1,1,1,1,2,3,0,5,1,0,2,3,0
303,1,3,1,1,3,5,4,3,1,0,2,2,1,3,,2,0,1,1,1,1,1,2,2,0,,4,0,2,2,0
304,0,3,0,0,8,4,0,1,2,0,2,1,3,1,,2,0,1,1,1,0,0,2,3,0,0,4,0,2,3,0
305,0,0,1,2,8,1,4,0,2,0,1,2,5,4,,2,0,1,1,1,,1,2,2,0,,,0,2,4,0
306,0,3,0,0,0,2,2,0,2,0,2,2,2,1,,1,1,1,0,1,4,0,3,3,0,,5,0,2,1,0
307,0,3,0,0,6,2,4,3,1,0,2,2,1,3,,2,0,1,1,1,0,1,2,3,0,4,4,0,2,4,0
308,1,0,0,0,6,5,0,0,1,0,0,1,5,4,,2,1,1,1,1,4,1,5,5,3,1,2,1,1,1,1
309,0,0,0,1,0,2,5,1,0,0,1,1,5,4,,1,1,1,0,1,4,1,4,4,2,5,1,0,1,1,0
310,0,0,1,1,3,2,1,0,1,0,0,2,5,4,,2,1,2,1,0,1,2,5,4,1,5,3,1,2,1,0
311,0,0,0,0,1,2,0,1,0,0,1,1,4,2,,1,0,1,1,1,2,0,3,1,0,5,4,0,2,3,0
312,0,0,1,0,7,5,0,0,2,0,2,2,3,1,,2,0,2,1,1,3,2,4,4,2,4,0,0,2,2,1
313,1,0,0,0,4,2,4,1,2,0,2,1,5,2,,2,0,1,1,1,2,0,0,0,0,,2,0,2,2,0
314,1,0,0,0,5,0,4,4,1,1,2,2,0,3,,0,1,1,0,1,,0,0,0,1,1,4,0,2,2,0
315,0,0,0,0,6,5,0,0,1,0,0,2,5,4,,2,,1,1,1,0,2,5,5,3,5,3,0,2,5,1
316,0,0,1,0,1,3,4,3,2,0,2,2,4,4,0,1,1,1,1,1,2,2,4,4,2,3,1,0,2,3,0
317,0,0,0,0,8,2,3,1,0,0,1,0,4,3,,2,0,0,0,1,0,0,1,0,1,4,3,0,2,2,1
318,0,0,1,0,5,3,4,3,0,0,1,2,4,5,,2,0,1,1,1,1,1,2,2,0,4,1,,2,3,0
319,0,0,1,0,3,2,3,4,1,1,2,2,0,1,,2,0,0,1,1,2,0,1,1,0,4,2,0,2,5,0
320,0,0,0,0,5,5,4,0,2,0,2,2,4,3,0,1,,0,1,1,,3,4,5,2,4,2,0,2,2,0
321,1,0,0,0,3,2,1,0,1,0,2,2,4,4,0,2,,1,1,1,,1,2,2,0,0,3,,2,2,1
322,0,1,0,0,8,4,4,0,0,0,1,2,,4,0,2,1,2,1,1,,2,5,5,3,1,4,,2,2,0
323,0,0,0,0,5,2,4,1,0,0,0,0,5,5,,1,1,1,1,1,4,2,4,4,2,1,4,0,2,0,0
324,0,2,1,0,1,2,0,0,1,0,2,1,4,5,0,2,3,1,1,1,2,1,2,3,0,5,1,0,2,1,0
325,0,0,0,0,8,1,3,0,2,0,2,2,2,1,0,2,1,2,1,1,3,2,4,4,3,,2,0,2,2,0
326,0,1,0,0,8,2,0,0,0,0,0,0,5,2,1,2,,1,1,1,1,1,2,2,0,2,2,1,1,2,0
327,1,0,1,0,0,2,0,0,2,0,2,2,5,5,0,2,1,1,1,1,4,2,5,5,3,5,0,0,2,2,0
328,0,0,0,0,8,3,3,2,0,0,0,2,5,1,,2,,2,1,1,1,3,5,5,1,1,0,0,2,3,0
329,0,0,0,0,4,2,5,0,1,0,2,2,4,1,,2,1,1,0,1,5,0,2,4,2,5,5,0,2,2,0
330,0,0,0,0,7,2,3,0,0,1,1,2,4,3,,2,0,2,1,1,3,0,0,0,0,3,0,0,2,3,0
331,0,0,1,0,4,2,4,3,2,0,2,2,3,4,,1,3,1,1,1,2,1,1,2,1,0,1,0,2,5,0
332,0,0,0,0,1,2,0,0,0,0,0,2,4,2,0,2,0,1,0,1,4,2,5,4,1,3,0,0,2,1,0
333,1,0,0,0,8,4,0,1,1,0,0,1,4,1,,1,,1,1,1,0,2,5,5,3,5,0,0,2,5,0
334,1,0,0,0,5,2,2,0,2,0,2,2,5,5,0,1,0,1,0,1,3,0,2,3,0,0,3,,2,3,0
335,0,0,0,0,4,2,0,1,1,0,0,1,5,3,,2,0,1,1,1,2,2,4,5,2,1,2,0,2,2,0
336,0,0,0,0,7,2,0,0,2,0,2,2,5,5,,1,,,1,1,,0,1,3,0,4,0,0,2,5,1
337,1,0,1,0,3,2,4,0,0,0,1,2,4,2,,1,0,1,1,1,3,0,0,0,0,2,2,0,2,2,0
338,0,0,1,0,5,5,2,0,2,0,1,2,5,4,0,2,1,1,0,1,4,0,5,5,1,2,2,0,2,4,0
339,0,0,0,0,2,3,0,0,0,0,0,2,4,1,,2,2,1,0,0,3,2,5,5,3,0,4,0,2,4,0
340,0,0,0,0,5,3,4,0,2,0,1,2,1,3,,2,,1,1,1,,0,1,1,0,,,,,,0
341,0,0,1,0,8,3,3,1,2,0,0,1,5,4,,1,1,1,1,1,3,0,1,1,0,2,1,0,2,5,0
342,0,0,1,0,4,0,0,0,1,0,0,1,4,3,,2,1,1,0,1,4,1,4,4,2,3,2,0,2,2,0
343,0,0,1,0,3,2,0,0,2,0,0,1,5,4,,2,0,1,1,1,1,0,0,3,0,,,0,,,0
344,0,1,0,0,4,2,3,0,1,0,2,2,1,1,,1,0,2,1,1,4,0,0,0,0,5,2,0,2,6,0
345,0,1,0,0,6,1,4,3,2,0,1,2,2,4,,1,1,1,0,1,0,0,1,0,1,3,0,0,2,5,1
346,0,1,0,1,4,2,5,0,1,0,2,2,2,2,0,1,1,2,1,1,5,1,3,4,2,1,0,0,2,6,0
347,0,1,0,0,,5,4,0,0,1,1,0,5,2,0,,,1,1,1,,0,1,1,0,,,,,,0
348,0,1,0,0,8,3,3,0,0,0,0,1,,3,,2,1,0,1,1,,2,4,3,2,5,1,0,2,5,0
349,0,1,0,0,8,4,3,0,0,1,1,0,5,3,1,2,,1,1,1,2,0,1,1,0,3,3,0,2,5,0
350,0,1,0,0,5,1,3,2,1,1,2,2,0,1,,2,0,2,1,1,0,0,0,0,0,3,3,0,2,5,0
351,0,1,1,0,6,2,3,4,1,1,2,2,0,,,2,,1,1,1,,0,0,0,0,1,1,0,2,4,0
352,0,3,0,0,4,5,3,3,2,0,2,2,3,3,0,2,1,2,1,1,,1,2,2,0,2,0,0,2,0,0
353,0,3,0,0,4,5,0,1,1,0,0,1,3,0,0,2,2,1,1,1,0,1,2,2,0,,2,0,2,0,0
354,0,0,0,0,0,0,0,0,1,0,0,1,4,2,0,2,1,1,1,1,4,2,5,4,3,5,5,1,1,1,0
355,0,1,0,0,4,2,0,3,1,0,2,2,1,1,0,2,3,1,1,1,1,0,1,1,0,4,2,0,2,2,0
356,0,3,1,0,0,3,0,1,2,0,0,1,3,2,0,2,0,1,1,1,2,0,0,0,0,5,4,1,2,1,0
357,0,3,0,0,5,3,3,3,1,0,2,2,0,1,0,2,0,0,1,1,2,0,0,0,0,5,0,0,2,1,0
358,0,2,1,0,6,2,5,1,2,0,0,1,5,4,0,2,1,2,1,0,0,2,5,5,1,3,0,1,2,6,0
359,0,3,1,0,6,4,1,1,2,0,0,1,5,3,0,2,1,2,0,0,3,3,5,5,3,,1,0,2,5,0
360,0,0,0,0,5,2,4,3,0,0,1,2,4,4,0,2,2,1,1,1,,1,2,2,0,4,0,0,2,1,0
361,0,1,0,0,4,1,5,0,1,1,0,1,4,3,0,2,2,1,1,1,3,1,2,2,0,,4,0,2,3,0
362,0,1,0,0,3,2,1,1,2,0,0,1,5,5,0,2,1,1,1,0,5,3,4,5,2,3,0,0,2,3,0
363,0,2,0,0,1,2,0,0,1,0,2,2,5,2,0,0,1,,1,1,5,2,5,5,3,3,5,,2,1,0
364,0,2,0,0,4,2,1,0,1,0,2,2,5,4,0,1,0,1,1,1,5,2,3,4,2,1,1,0,2,5,0
365,1,0,0,0,,2,4,0,0,0,0,2,4,3,0,,,1,1,1,0,2,3,3,2,1,0,0,2,0,1
366,0,1,0,0,5,5,0,0,0,0,0,2,,4,0,1,1,1,1,1,1,2,5,5,3,4,1,,2,3,0
367,0,1,1,0,7,3,4,3,1,0,2,2,1,3,,1,0,1,0,1,0,0,1,0,1,1,2,0,2,4,0
368,0,1,0,0,4,2,4,0,0,0,1,2,5,4,,2,0,1,1,1,1,1,2,1,0,5,2,0,2,5,0
369,0,1,0,0,5,5,2,1,1,0,0,1,2,1,,1,,1,1,1,3,1,4,4,2,,,0,2,,0
370,0,1,1,0,3,2,0,0,0,0,0,2,3,3,,2,,1,1,1,,1,2,2,0,3,0,0,2,4,0
371,0,1,0,0,8,4,0,3,2,0,2,2,3,4,,2,,1,1,1,,1,2,2,0,5,4,,2,3,0
372,0,1,1,0,5,0,4,0,2,0,0,2,3,4,0,2,0,1,1,1,2,2,4,5,3,5,0,0,2,4,0
373,0,1,1,0,3,2,4,3,1,0,2,2,1,4,,2,1,1,1,1,0,1,2,2,0,,4,0,2,3,0
374,0,1,1,0,2,3,4,0,2,0,1,2,4,5,,0,1,1,1,1,2,1,3,3,0,2,3,0,2,5,0
375,0,1,0,0,6,2,1,1,1,0,2,1,5,3,0,1,0,1,1,1,1,2,5,5,3,3,1,0,2,6,0
376,0,1,0,0,5,1,3,2,1,0,2,2,4,4,,2,1,2,1,1,0,2,5,5,3,3,3,,2,5,0
377,1,1,0,1,0,2,0,1,1,0,0,1,5,3,,2,1,1,1,0,2,3,5,4,1,5,3,,0,3,1
378,0,1,0,0,2,3,3,4,1,1,2,2,0,1,,2,0,2,1,1,3,0,1,1,0,,3,0,1,5,0
379,0,1,1,0,3,2,2,0,2,0,2,2,3,2,,1,1,1,0,1,4,0,3,2,0,2,2,0,2,2,1
380,0,1,0,0,6,2,1,0,2,0,0,2,5,4,0,1,1,1,1,1,5,2,3,4,2,1,3,0,2,2,0
381,0,1,1,2,7,5,2,0,2,0,2,2,5,4,,2,0,1,0,1,5,0,4,4,2,0,2,0,2,2,0
382,0,1,1,0,4,2,2,0,0,0,0,1,5,4,,0,0,1,0,1,2,0,3,3,0,3,0,,2,3,0
383,0,1,0,0,8,4,5,0,1,0,2,2,4,4,,2,1,1,1,1,3,2,4,4,2,2,3,0,2,5,0
384,0,1,1,0,4,2,2,1,0,0,0,1,4,3,,2,,1,1,1,3,2,4,3,2,,,,2,5,0
385,0,1,1,0,4,2,2,1,0,0,0,1,5,5,,1,0,1,0,1,4,1,3,4,2,2,2,0,2,5,0
386,1,1,0,0,3,3,2,0,1,0,2,2,1,2,0,2,0,1,1,1,4,2,3,3,2,4,1,0,2,3,0
387,0,1,0,0,3,2,2,0,0,0,1,2,5,4,,2,0,1,1,1,3,1,2,3,0,3,3,0,2,5,0
388,0,1,0,0,4,2,1,0,2,0,1,2,5,3,0,1,,1,1,0,,2,3,4,1,2,3,0,2,3,0
389,0,1,1,0,6,4,4,3,2,0,2,2,4,5,,2,0,,1,1,0,1,2,1,0,5,1,0,2,5,0
390,0,1,0,0,4,2,2,0,0,0,0,1,5,5,,1,0,1,0,1,2,0,3,2,0,2,4,0,2,4,0
391,1,1,0,0,,2,2,1,0,0,1,1,5,4,,,,,0,1,,0,2,3,0,1,3,0,2,5,1
392,0,1,0,0,4,2,4,0,0,0,1,2,5,4,0,1,1,1,1,1,2,1,1,1,0,2,1,0,2,4,0
393,1,1,0,0,3,2,2,0,2,0,0,2,4,3,,,,1,0,1,5,0,3,2,0,5,1,0,2,3,0
394,0,1,0,0,6,5,4,3,2,0,1,2,3,2,,1,1,1,1,1,1,2,4,4,2,1,4,0,2,5,0
395,0,1,0,0,3,2,2,0,1,0,2,2,3,3,,2,0,1,1,1,,1,2,2,0,3,3,,1,4,0
396,0,1,0,0,3,2,2,0,2,0,0,2,5,4,,1,1,1,1,1,4,0,3,3,2,3,0,0,2,5,0
397,0,1,0,0,5,3,4,0,0,0,1,2,0,4,,2,3,1,1,1,0,1,2,2,0,1,2,0,2,4,0
398,1,1,0,0,,2,0,0,0,0,0,2,5,3,0,1,1,1,1,1,2,0,3,4,2,1,2,0,2,5,0
399,0,2,0,0,8,2,0,0,2,0,0,1,5,5,,1,,1,1,1,4,1,3,4,2,3,0,0,2,6,0
400,0,1,0,0,4,1,4,1,1,0,0,1,4,3,0,2,0,1,1,1,0,1,2,3,0,,1,0,2,3,0
401,0,1,0,0,5,2,3,4,1,1,2,2,0,0,,2,0,2,1,1,1,0,0,0,0,2,0,0,2,5,0
402,0,1,0,0,1,2,5,1,2,0,1,0,4,3,,1,1,1,0,1,3,1,3,3,0,4,4,0,2,4,0
403,0,1,0,0,5,5,4,3,2,0,2,2,3,5,,2,0,1,1,1,0,0,0,0,0,1,5,0,2,5,0
404,0,1,0,0,5,0,5,3,2,0,2,2,1,2,0,2,2,2,1,1,3,2,5,5,3,0,2,0,2,6,0
405,0,2,0,2,4,1,5,0,1,0,0,2,4,2,0,2,1,2,1,1,4,2,5,5,3,1,0,0,2,4,0
406,0,2,0,0,6,5,4,3,2,0,2,2,1,4,,2,1,1,1,1,,1,2,3,1,3,2,,2,6,0
407,1,2,1,0,3,2,2,1,1,0,0,1,3,1,,2,0,1,1,1,1,1,2,1,0,1,5,0,2,3,0
408,0,2,0,0,7,3,1,1,2,0,0,1,4,1,,2,0,1,1,1,3,3,5,5,2,1,4,0,2,3,0
409,0,2,1,0,3,2,0,0,1,0,0,1,5,4,,2,0,1,1,1,5,3,5,4,3,5,1,0,2,5,0
410,0,2,1,0,1,0,4,1,2,0,0,1,5,5,0,2,,1,1,1,1,1,0,0,0,,,,2,,0
411,0,2,0,0,8,0,4,0,0,0,1,2,5,4,,1,0,0,1,1,2,1,2,2,0,3,,0,,,0
412,0,2,0,0,5,1,3,0,0,0,1,2,1,1,,2,0,2,1,1,2,0,1,1,0,3,4,0,2,3,0
413,0,2,0,0,6,5,2,1,0,0,0,1,5,5,,2,1,1,1,1,5,2,4,4,2,3,5,0,2,5,0
414,1,2,0,0,5,2,4,3,2,1,2,2,3,4,0,0,1,1,0,1,0,0,0,0,1,,3,0,2,4,1
415,0,2,1,0,5,0,4,0,0,1,1,2,4,3,,2,0,1,1,1,,0,0,0,0,,5,0,2,2,0
416,0,2,1,0,7,4,0,0,1,0,0,2,4,4,,2,1,1,1,1,5,2,4,3,2,3,4,0,2,3,0
417,0,2,0,0,6,2,0,0,0,0,0,1,5,3,0,2,,1,1,1,5,2,4,4,2,3,0,0,2,6,0
418,0,2,0,0,4,2,0,1,2,0,0,1,4,3,,2,1,1,1,1,5,2,4,4,2,2,1,0,2,4,0
419,0,2,0,0,8,0,4,3,2,1,1,2,2,3,0,1,1,1,1,0,1,1,4,3,1,5,1,0,2,3,0
420,0,2,1,0,7,5,5,0,2,0,0,2,4,2,,2,2,1,1,1,3,2,5,5,3,,3,0,2,4,0
421,0,2,0,0,1,2,5,1,0,0,0,1,5,2,,2,1,2,0,1,3,1,5,5,0,2,3,0,2,5,0
422,0,2,1,0,3,2,0,0,1,0,2,2,5,2,,2,0,1,1,1,2,1,2,2,0,,,,2,,0
423,0,2,1,0,1,3,4,1,2,0,0,1,2,3,,2,1,1,1,1,3,2,4,4,2,4,1,0,2,5,0
424,0,2,0,0,4,2,5,0,0,0,0,1,5,3,,2,1,1,0,1,3,2,5,5,3,5,2,,2,4,0
425,0,2,0,0,8,2,3,4,1,0,2,1,0,1,,2,0,2,1,1,0,2,3,3,2,3,4,,2,5,0
426,0,2,1,0,3,5,4,1,0,0,1,0,3,4,,0,0,1,0,1,0,0,0,0,1,1,4,0,2,2,0
427,0,2,0,0,5,0,3,3,1,0,2,2,0,1,,2,1,2,1,1,4,2,5,5,1,4,3,0,2,1,0
428,0,2,1,0,5,1,3,0,1,0,0,2,1,1,,1,3,2,1,1,1,0,0,0,0,5,2,0,2,2,0
429,0,2,0,0,3,2,1,2,1,1,2,2,,,,,,1,1,1,5,1,3,3,2,4,5,0,2,0,0
430,0,2,0,0,6,2,3,1,0,1,1,0,4,3,,0,3,2,1,0,2,1,2,2,1,5,0,0,2,3,0
431,0,3,0,0,4,2,3,4,1,1,2,2,0,0,,1,0,1,1,1,2,1,1,2,0,,5,,2,1,0
432,1,3,0,0,6,2,4,1,0,0,0,1,5,4,,2,0,0,1,1,0,1,2,1,0,0,3,0,2,1,1
433,0,3,0,0,8,3,4,3,1,0,2,2,2,4,,2,1,1,1,1,0,2,3,3,2,1,5,0,2,0,0
434,0,3,0,0,8,3,0,0,0,0,0,2,5,3,,2,1,1,0,0,1,3,5,5,2,3,3,0,2,4,0
435,0,3,0,0,2,2,0,1,1,0,0,1,4,1,,2,1,1,1,1,,2,5,5,3,,,0,2,0,0
436,0,3,0,0,3,3,4,0,0,0,1,2,5,4,,2,,1,1,1,0,1,2,1,0,,2,0,2,3,0
437,1,3,0,0,5,0,3,4,1,1,2,2,0,0,,2,0,2,1,1,2,0,0,0,0,2,4,0,2,4,0
438,0,3,0,1,1,0,3,3,1,0,1,2,1,0,0,2,0,1,1,1,0,0,0,0,0,,3,0,2,1,0
439,1,3,0,2,0,2,0,1,2,0,0,1,3,3,0,2,1,2,1,1,4,2,4,5,2,,2,1,0,1,0
440,0,3,0,0,4,2,5,0,2,0,0,1,4,2,0,1,1,2,1,1,3,1,3,5,2,5,2,0,2,1,0
441,0,3,1,0,3,3,4,3,2,0,2,2,2,3,,2,0,1,1,1,0,1,2,2,0,5,4,0,2,5,0
442,1,3,1,0,5,0,3,4,1,1,2,2,0,4,0,2,1,1,1,1,2,0,0,0,0,4,4,0,2,5,0
443,0,3,0,0,8,0,3,1,0,0,0,1,3,1,0,1,0,0,1,1,3,0,0,1,0,5,4,0,2,3,0
444,1,3,1,0,1,2,4,0,2,1,1,2,0,3,,1,,1,0,1,,0,1,1,1,,5,0,2,2,0
445,1,3,0,0,6,1,3,4,1,1,2,2,0,0,1,1,,2,1,1,,0,1,1,0,,,,2,3,1
446,0,3,0,0,5,1,3,4,1,1,2,2,0,0,0,2,3,2,1,1,0,1,1,1,1,5,5,0,2,2,0
447,0,3,1,0,4,2,4,3,2,0,1,2,4,4,,1,0,1,0,1,,0,0,0,1,5,2,,2,3,0
448,0,3,0,1,4,2,2,1,1,0,0,1,2,1,0,2,,1,1,1,1,1,2,2,0,1,2,0,2,2,0
449,0,3,0,0,3,2,4,3,2,1,2,2,,4,,,0,1,1,1,2,1,1,1,0,3,4,0,2,0,0
450,0,3,0,0,3,2,0,0,1,0,0,2,4,1,,2,0,1,1,1,,0,0,0,0,,,0,2,2,0
451,1,0,1,1,2,0,0,0,1,0,0,2,4,3,0,1,,1,1,1,1,2,5,5,3,2,5,,2,1,1
452,0,3,0,0,1,2,2,0,0,0,1,2,5,4,0,2,3,1,0,1,4,0,5,5,0,3,5,0,2,2,0
453,0,3,0,0,1,2,4,3,1,0,2,2,0,3,,1,1,1,0,1,,0,1,0,1,2,5,0,2,0,0
454,0,3,0,0,4,5,0,0,1,0,0,2,3,1,,2,1,1,1,1,4,2,4,4,2,2,5,0,2,0,1
455,0,0,0,0,7,3,4,3,2,1,2,2,,4,,2,0,1,1,1,4,0,0,0,0,,1,0,2,2,0
456,0,3,1,0,5,2,2,0,2,0,2,2,4,3,0,1,1,1,1,1,2,0,3,2,0,,0,0,1,2,0
457,0,0,0,0,8,1,3,1,1,0,0,1,4,2,,1,1,2,1,1,3,3,5,5,2,3,5,0,2,1,0
458,0,0,1,0,3,2,4,3,2,0,2,2,0,3,,1,3,1,1,1,,1,1,1,0,2,4,0,2,2,0
459,0,0,1,0,5,0,4,4,1,1,2,2,0,3,0,1,0,1,0,1,0,0,1,0,1,5,4,0,2,5,0
460,0,0,1,2,8,3,4,3,1,0,2,2,1,2,,,,1,1,1,,1,2,2,0,1,4,0,2,2,0
461,1,0,0,0,5,2,4,3,1,0,2,2,0,3,0,2,,1,1,1,1,1,2,2,0,3,1,0,2,5,1
462,0,0,0,0,4,2,4,0,2,0,1,2,3,2,0,2,0,1,1,1,3,2,4,4,2,2,5,0,2,1,0
463,0,0,1,0,,5,4,0,2,0,1,2,2,4,,1,1,1,0,1,0,0,1,0,1,3,5,0,2,0,0
464,0,0,0,0,2,5,3,3,1,0,0,2,,0,0,2,,2,1,1,,1,3,2,0,5,1,0,2,4,0
465,1,0,0,0,4,2,2,0,2,0,1,2,5,2,0,2,,1,1,1,4,3,4,5,2,3,4,1,2,4,1
466,0,0,1,0,4,2,2,1,0,0,1,1,4,1,0,0,1,1,0,1,3,0,3,3,0,2,,0,2,5,0
467,0,0,0,0,1,2,0,0,2,0,0,2,0,3,0,2,0,1,1,1,,1,2,1,0,5,3,0,2,4,0
468,1,0,0,0,0,2,0,0,1,0,0,2,5,3,,1,1,1,1,1,4,2,3,4,2,,4,1,0,2,0
469,0,0,1,0,2,2,4,0,1,0,2,2,4,1,,,,1,1,1,,0,0,0,0,1,5,0,2,3,0
470,1,0,0,1,3,2,5,0,0,0,0,2,0,2,,2,1,1,1,1,1,2,5,5,3,1,0,0,2,4,0
471,0,0,0,0,3,3,3,0,0,0,1,0,3,4,,1,1,2,1,1,5,0,0,1,0,1,5,0,2,5,0
472,0,0,0,0,4,2,1,0,2,0,2,2,4,1,1,1,3,1,0,1,5,0,5,5,0,,1,0,2,4,1
473,0,0,0,0,8,3,3,0,1,0,0,2,4,3,0,2,0,2,1,1,5,2,4,5,2,3,2,0,2,5,0
474,0,0,0,0,4,2,2,0,1,0,0,1,2,1,0,2,0,1,0,1,,1,2,2,0,3,5,0,2,3,0
475,0,0,0,0,6,2,0,1,1,0,0,1,3,0,,2,1,1,1,1,2,3,4,5,2,5,1,0,2,2,0
476,1,0,0,0,,2,2,0,1,0,0,2,3,3,0,0,0,1,0,1,4,1,3,3,0,0,2,0,2,2,1
477,0,0,0,0,8,2,2,0,2,0,0,2,5,3,,1,,1,1,1,3,0,3,3,2,,0,0,2,4,0
478,1,0,0,0,4,2,5,1,1,0,0,1,5,3,0,2,1,1,1,1,3,2,5,5,3,2,5,0,2,4,0
479,0,0,1,0,6,2,0,0,1,0,0,1,3,3,,2,1,1,1,1,4,2,4,4,2,5,3,0,2,4,0
480,0,1,0,0,8,5,2,0,1,0,0,2,2,1,,0,0,1,0,1,2,0,2,2,0,1,1,0,2,4,0
481,0,0,0,0,6,2,1,1,0,0,1,1,5,2,0,1,1,1,0,1,3,0,5,5,0,3,0,0,2,4,0
482,0,1,0,0,7,2,3,0,0,1,1,0,5,1,,2,1,0,1,1,,0,1,1,0,4,1,0,2,5,0
483,0,1,0,2,4,2,1,0,0,0,1,1,5,1,0,2,1,1,1,1,2,3,4,5,2,2,3,0,2,4,0
484,1,1,1,0,0,2,2,0,2,0,2,2,5,5,,1,1,1,0,1,4,0,1,3,0,,1,1,1,2,0
485,0,1,0,0,4,2,4,0,0,0,1,2,5,2,0,2,0,1,0,1,1,1,2,2,0,1,3,0,2,5,0
486,0,1,0,0,5,2,0,0,1,0,2,2,4,3,,2,0,1,1,1,3,0,0,1,0,0,4,0,2,5,0
487,0,1,0,0,8,2,2,0,2,0,1,0,4,2,,2,3,1,1,1,1,1,2,2,0,0,4,0,2,5,0
488,0,1,0,0,5,0,3,3,1,0,2,2,0,0,,1,0,2,1,1,3,0,0,0,0,1,2,0,2,5,0
489,0,1,0,2,3,2,4,3,2,0,2,2,1,4,,2,0,1,1,1,0,1,2,2,0,2,1,0,1,4,0
490,1,1,0,0,3,2,4,3,1,0,2,2,0,0,0,1,2,1,1,1,5,0,1,1,0,,2,0,2,5,1
491,1,1,0,1,1,0,3,4,1,1,2,2,0,1,0,1,1,2,1,1,2,0,1,2,0,1,1,0,2,3,1
492,0,1,0,0,8,1,3,4,1,1,2,2,0,2,,2,0,2,1,1,1,0,0,0,0,3,3,0,2,4,0
493,0,1,0,0,5,2,4,3,2,0,2,2,0,2,0,2,,1,1,1,1,0,0,0,0,5,5,0,2,4,0
494,0,1,0,0,3,0,4,3,1,0,2,2,2,4,,2,0,1,1,1,0,1,2,3,0,2,3,0,2,2,0
495,0,1,0,0,3,2,4,0,0,0,1,2,5,4,,2,0,1,1,1,1,1,2,3,0,4,2,0,2,4,0
496,0,1,0,0,5,2,1,1,0,0,1,0,5,4,0,1,1,1,0,1,5,0,5,5,0,5,0,0,2,6,1
497,0,1,1,0,4,2,0,0,1,0,0,2,5,3,0,1,1,1,1,1,3,1,3,5,2,3,4,0,2,5,0
498,0,1,0,0,8,3,4,3,0,1,1,2,3,4,,2,1,1,1,1,3,0,1,1,0,5,1,1,1,5,0
499,0,1,0,0,8,3,3,4,1,1,2,2,0,0,,2,0,2,1,1,2,0,0,0,0,2,2,0,2,5,0
500,0,1,1,0,4,2,2,1,0,0,0,1,5,3,,0,,1,0,1,2,0,3,3,0,3,1,0,2,5,0
501,0,1,0,0,4,2,4,0,1,0,2,2,0,1,,0,3,1,0,1,0,0,0,0,1,,2,0,2,5,0
502,0,1,1,0,5,5,2,0,2,0,2,2,5,3,,1,1,1,1,1,4,0,3,4,2,,2,1,1,4,0
503,0,1,0,0,1,0,0,0,0,0,1,2,5,5,0,1,1,1,1,1,5,0,3,3,2,2,1,0,2,6,1
504,0,1,0,0,3,2,5,0,0,0,0,2,4,3,0,2,1,2,1,1,5,2,5,5,3,0,2,0,2,6,0
505,0,1,0,0,3,2,4,0,0,0,1,2,4,5,0,,,1,0,1,,1,1,1,0,3,2,0,2,5,1
506,0,1,0,1,3,2,1,0,2,0,2,2,2,2,0,1,1,1,1,1,0,1,4,4,2,0,0,1,2,2,0
507,0,1,1,0,3,2,2,0,1,0,2,2,4,3,,2,0,1,0,1,0,0,2,2,0,2,1,,2,4,0
508,0,1,0,0,5,3,3,1,0,1,1,0,5,5,,1,3,2,1,1,4,1,1,1,1,1,2,0,2,6,0
509,0,1,0,0,5,1,3,4,1,1,2,2,0,1,,2,0,2,1,1,3,0,0,0,0,2,1,0,2,6,0
510,0,1,0,0,4,2,5,1,0,0,0,1,5,3,,2,1,1,1,1,4,3,5,5,1,3,0,0,2,5,0
511,0,1,0,0,4,1,3,0,0,1,1,2,1,1,0,1,0,2,1,1,2,0,1,1,0,,0,0,2,5,0
512,0,1,0,0,4,2,2,0,2,0,1,2,5,2,0,2,1,1,0,1,5,2,4,2,2,0,0,1,1,3,0
513,0,1,0,0,5,4,3,3,1,0,0,2,0,2,,2,0,2,1,1,3,0,0,0,0,5,2,0,2,6,0
514,0,1,1,0,6,2,0,1,2,0,0,1,1,2,,2,0,1,1,1,0,1,2,2,0,5,0,0,2,6,0
515,0,1,1,0,6,2,4,1,2,0,2,1,5,3,0,2,1,1,1,1,1,3,5,4,1,1,1,0,1,4,0
516,0,1,0,0,5,2,3,2,1,1,2,2,0,2,,2,,1,1,1,4,0,0,0,0,3,2,0,2,4,0
517,0,1,0,0,3,2,1,0,1,0,2,2,5,5,0,1,0,2,0,0,5,0,5,5,1,2,1,1,1,3,0
518,0,1,0,0,6,0,4,1,1,0,0,1,4,3,0,1,1,1,1,1,2,0,1,1,0,3,0,0,2,6,0
519,0,1,0,0,6,2,4,3,1,0,2,2,0,3,0,2,0,1,1,1,2,1,2,1,0,,4,0,2,2,0
520,0,2,0,0,3,2,5,0,0,0,0,1,4,3,,2,1,1,1,1,1,2,5,5,3,1,4,0,2,3,0
521,0,1,1,0,5,0,0,0,1,0,0,2,4,2,,2,0,1,1,1,,1,2,2,0,2,5,,2,4,0
522,0,2,0,0,8,2,5,0,1,0,0,1,4,2,,1,1,1,0,1,3,1,3,4,2,1,0,0,2,6,0
523,1,2,0,0,3,2,0,0,1,0,0,2,5,4,,1,1,1,0,0,3,1,2,3,2,5,,0,2,,0
524,0,2,1,0,6,2,4,3,1,0,2,2,1,4,0,1,1,1,0,1,0,0,1,0,0,,,0,2,2,0
525,0,2,0,0,4,3,4,0,1,0,0,1,2,1,0,2,2,0,0,1,1,1,2,2,0,3,1,,2,6,0
526,0,2,1,0,4,2,0,0,1,0,2,2,2,3,1,1,0,1,0,1,2,1,1,1,0,,4,1,2,1,0
527,0,2,0,0,6,3,2,0,0,0,2,2,5,2,0,1,1,1,1,1,4,3,4,4,2,,2,0,2,5,0
528,0,2,1,0,8,5,4,1,2,0,0,1,5,3,0,1,0,1,1,1,3,1,1,1,0,2,2,0,2,5,0
529,0,2,0,0,4,2,2,0,2,0,0,2,5,3,,2,,1,1,1,5,2,4,3,2,2,,0,1,4,0
530,0,2,0,0,5,2,2,0,2,0,2,2,2,0,0,1,1,1,0,1,5,0,3,2,2,1,3,0,2,2,0
531,0,2,0,0,5,3,3,3,1,0,0,2,3,1,,2,0,2,1,1,3,1,2,3,0,0,2,0,2,5,0
532,0,2,0,0,5,2,4,0,1,0,0,2,3,2,0,1,1,1,1,1,3,2,4,3,2,3,2,0,2,4,0
533,0,2,0,0,5,5,4,1,1,0,0,1,3,2,0,2,0,1,1,1,2,1,2,3,0,2,4,0,2,2,0
534,0,2,1,0,6,0,4,1,0,0,1,0,5,5,0,1,1,0,1,1,3,0,1,0,0,0,2,0,2,5,0
535,0,2,0,0,6,2,2,1,0,0,1,1,5,3,0,2,1,1,1,1,3,3,4,5,2,0,3,0,2,5,0
536,0,2,0,0,3,5,0,0,0,0,1,2,5,4,,0,0,1,1,1,0,1,2,2,0,1,3,0,2,5,0
537,0,2,0,0,5,2,0,0,0,0,0,2,5,5,0,0,3,1,1,1,4,1,3,3,1,,4,0,2,4,0
538,0,2,0,0,7,5,0,0,2,0,0,1,5,5,0,2,1,1,1,0,5,2,3,4,2,3,,0,1,5,0
539,0,2,1,0,5,1,5,1,1,0,0,1,5,2,0,2,1,2,1,1,1,1,5,5,3,1,1,0,2,5,0
540,0,2,1,0,6,2,1,0,1,0,2,2,0,1,0,1,1,1,1,1,5,0,3,4,2,,3,0,2,3,1
541,0,2,0,0,4,2,1,0,1,0,2,2,2,1,0,2,0,1,1,1,5,2,4,3,2,1,1,1,1,2,0
542,0,2,0,0,5,5,3,4,1,1,2,2,0,3,1,2,1,1,1,1,1,0,1,1,0,1,5,0,2,2,0
543,0,2,0,0,4,2,1,0,2,0,0,2,3,1,,1,1,1,1,1,4,2,3,4,2,,3,0,1,1,0
544,0,2,1,0,5,2,0,1,2,0,0,1,2,1,0,2,0,1,1,1,0,1,2,2,0,3,5,0,2,3,0
545,0,2,1,0,4,2,4,3,1,0,2,2,1,4,0,2,0,1,1,1,0,0,0,0,0,3,5,0,2,2,0
546,0,2,0,0,6,2,3,0,0,0,1,2,5,4,0,2,1,2,1,1,0,2,5,4,1,3,5,0,2,2,0
547,1,2,0,0,5,3,4,3,0,0,1,2,5,4,0,2,1,0,1,1,0,2,5,5,3,,1,0,2,2,1
548,0,2,0,0,6,4,0,1,1,0,0,1,3,1,0,1,0,1,1,1,1,1,2,3,0,2,5,0,2,4,0
549,0,2,0,0,4,2,0,0,2,0,0,2,3,1,0,2,,1,1,1,5,1,3,4,2,1,0,1,1,1,0
550,0,3,0,0,5,1,3,3,1,0,2,2,0,1,1,2,1,2,1,1,4,0,0,0,0,2,2,,2,4,0
551,0,3,0,1,0,2,4,3,2,0,2,2,1,5,0,1,1,1,1,1,3,1,1,1,0,2,1,,,1,0
552,0,3,0,0,5,3,3,3,2,1,2,2,0,3,0,0,0,1,1,1,1,1,2,2,0,,2,0,2,4,0
553,0,3,0,0,5,2,4,3,1,0,2,2,1,3,0,2,1,1,1,1,2,2,4,5,2,0,5,0,2,3,1
554,0,3,1,0,8,4,4,0,0,1,0,2,5,5,0,1,0,1,0,1,0,0,0,0,1,5,0,0,2,4,0
555,0,3,0,0,4,2,0,0,2,0,0,2,5,4,0,1,1,1,1,1,3,1,3,2,0,5,0,0,2,1,0
556,0,3,1,0,6,5,3,4,1,1,2,2,0,3,0,2,0,1,1,1,4,0,0,1,0,0,5,0,2,2,0
557,0,3,0,0,4,5,4,3,1,0,2,2,0,2,0,1,,1,1,1,2,0,1,1,0,1,2,0,2,2,0
558,0,3,1,0,4,0,0,0,1,0,0,1,1,1,0,1,1,1,0,1,,0,1,1,0,5,3,0,2,0,0
559,0,3,0,0,1,2,3,1,1,0,0,1,3,1,0,2,,0,1,1,3,0,0,0,0,4,3,0,2,1,0
560,0,0,0,0,5,3,3,2,1,1,2,2,0,1,0,1,0,1,1,1,5,0,0,0,0,,1,0,2,2,0
561,0,3,1,0,6,2,4,3,1,0,2,2,0,1,0,2,1,1,1,1,0,0,1,0,0,3,2,0,2,3,0
562,0,3,1,0,6,2,0,0,2,0,2,2,5,3,0,1,1,1,1,1,3,3,4,5,2,,5,0,2,2,0
563,0,3,1,0,4,3,3,1,0,0,1,1,5,5,0,1,0,0,1,1,,0,0,0,0,,3,1,,2,0
564,0,3,1,0,7,5,3,3,1,0,2,2,0,4,0,2,,2,1,1,2,2,4,4,2,,5,0,2,1,0
565,1,3,0,0,6,2,0,1,1,0,0,1,2,1,0,2,1,1,1,1,5,2,4,4,2,4,4,0,2,4,0
566,0,3,1,0,5,3,4,3,2,0,2,2,1,2,0,1,1,0,1,1,3,1,3,3,0,0,5,0,2,2,0
567,0,3,0,0,8,2,0,1,2,0,0,1,3,2,0,2,,1,0,1,0,2,3,3,2,,2,0,2,5,0
568,0,0,1,0,5,2,4,3,2,1,2,2,3,5,0,2,3,1,1,1,,0,1,1,1,4,1,0,2,2,1
569,0,0,0,0,2,2,4,3,2,0,2,2,2,4,0,1,1,1,1,1,3,1,2,3,0,5,3,0,2,4,0
570,0,0,0,0,5,2,3,4,1,1,2,2,0,4,0,2,0,1,1,1,0,1,2,2,0,4,5,0,2,2,0
571,0,0,1,0,5,3,3,1,2,1,1,0,3,4,1,1,0,2,1,1,2,0,3,2,0,1,5,0,2,1,0
572,0,0,1,0,3,2,0,1,1,0,0,1,3,2,0,2,1,1,1,1,5,1,4,3,2,1,2,0,2,2,0
573,0,0,1,0,3,3,1,1,1,0,0,1,4,0,0,1,0,1,1,1,5,1,3,4,2,2,4,0,2,1,0
574,0,0,0,0,6,2,0,0,1,0,0,1,5,3,0,2,1,2,0,0,2,3,5,5,1,2,3,0,2,3,0
575,1,0,0,0,0,2,4,3,2,0,1,2,4,5,0,2,,1,1,1,0,1,2,2,0,2,5,0,1,1,1
576,1,0,0,0,4,2,1,0,2,0,2,1,5,4,0,1,1,1,1,1,3,1,3,4,2,5,0,0,2,1,0
577,1,0,0,0,4,2,0,1,1,0,0,1,3,2,0,2,,1,1,1,5,3,4,4,2,3,1,0,2,4,1
578,0,0,0,0,3,3,1,1,0,0,0,1,5,4,0,2,3,1,1,1,3,3,4,4,2,4,5,0,2,3,0
579,0,0,1,0,6,0,4,3,1,0,2,2,1,3,0,0,,1,0,1,0,0,0,0,1,3,2,0,2,4,0
580,0,0,1,0,6,2,0,0,1,0,0,1,3,2,0,2,1,1,1,1,,2,4,3,2,4,5,0,2,2,1
581,0,0,1,0,6,2,4,0,0,0,2,2,2,5,0,2,0,1,1,1,2,1,2,2,2,4,5,0,2,3,0
582,0,0,0,0,4,2,5,1,0,0,1,0,4,3,0,2,1,1,1,1,3,3,4,5,2,1,5,0,2,4,0
583,0,0,1,0,4,5,2,0,1,0,0,1,3,2,0,2,1,1,0,1,4,2,5,5,0,2,0,0,2,3,0
584,0,0,0,0,4,2,3,0,0,0,0,2,5,5,0,1,3,2,1,1,5,0,1,1,1,2,5,0,1,2,0
585,0,0,0,0,3,2,2,1,0,0,0,0,5,4,0,1,1,1,0,1,5,0,3,3,0,3,1,,2,5,1
586,0,0,1,0,5,2,2,0,0,0,0,1,5,2,0,1,1,1,1,1,3,0,3,3,0,2,3,0,2,1,0
587,0,0,0,0,3,2,3,1,1,0,0,1,1,0,0,1,0,0,1,1,4,0,0,1,0,0,2,0,2,3,0
588,0,1,0,0,6,2,0,2,1,1,2,2,0,1,0,2,0,2,1,1,3,0,0,0,0,2,1,0,2,4,0
589,1,0,1,0,7,5,2,0,2,0,2,2,5,2,0,1,1,1,0,1,4,0,3,3,2,1,4,0,2,2,0
590,0,0,1,0,5,4,4,0,0,0,1,2,4,5,0,,0,1,1,1,0,1,2,3,0,4,1,0,2,6,0
591,0,0,1,0,3,2,2,0,1,0,2,1,4,1,0,2,1,1,0,1,5,2,4,4,2,2,0,0,2,2,0
592,0,1,1,0,3,2,2,0,0,0,0,2,4,4,0,2,0,1,1,1,,0,1,1,0,1,3,0,2,3,0
593,0,1,0,0,5,5,3,3,2,1,2,2,0,4,0,2,0,2,1,1,2,1,2,2,0,0,2,0,2,6,0
594,0,1,0,0,7,3,4,3,2,1,1,2,1,3,0,2,0,1,1,1,0,1,2,3,0,,1,0,2,5,0
595,0,1,0,0,3,2,2,0,2,0,2,2,,4,0,1,1,1,1,1,4,1,3,3,0,3,0,0,2,6,0
596,0,1,0,0,5,5,2,0,1,0,2,2,3,1,0,1,0,1,0,1,5,0,3,3,2,1,2,0,2,3,0
597,0,1,0,0,8,4,4,2,1,1,2,2,0,1,0,1,0,1,1,1,0,2,3,3,2,2,0,0,2,6,0
598,1,1,0,0,3,5,4,1,2,0,1,1,5,5,0,2,0,1,1,1,1,1,2,2,0,1,2,1,2,6,1
599,1,1,0,0,8,2,0,1,0,0,0,1,5,3,0,2,,2,1,1,0,2,3,3,2,5,0,0,2,6,1
600,0,1,0,0,8,4,5,1,0,0,0,1,5,2,0,2,1,1,1,1,2,0,4,4,3,0,2,1,2,5,0
601,0,1,0,0,4,2,4,3,0,0,2,2,3,2,0,0,,1,1,1,5,3,4,5,2,2,0,0,2,6,0
602,0,1,1,0,1,2,0,1,1,0,2,1,5,3,0,2,0,1,1,1,2,1,2,3,0,3,2,0,2,3,0
603,0,1,1,0,1,2,5,1,2,0,0,1,5,4,0,2,1,1,1,1,0,1,3,4,2,3,4,1,2,3,0
604,0,1,0,0,3,2,0,2,1,1,2,2,0,3,0,1,,1,1,1,,0,0,1,0,2,2,0,2,5,0
605,0,1,1,0,3,5,5,1,0,0,0,1,5,1,0,2,0,1,1,1,4,2,5,5,3,4,0,0,2,6,0
606,0,1,0,0,8,4,3,2,1,1,2,2,0,,,1,,2,1,1,0,1,3,1,0,5,2,0,2,4,1
607,1,1,0,0,1,2,0,1,2,0,0,1,1,2,0,2,2,2,0,0,,0,5,5,1,,,,,,1
608,0,1,0,1,5,3,2,0,1,0,0,2,1,1,0,2,,1,0,1,1,1,2,2,0,3,0,0,2,6,0
609,0,1,0,0,6,3,5,0,2,0,1,2,3,2,0,2,1,2,0,1,4,2,5,5,0,3,1,0,2,5,0
610,0,1,1,0,5,1,3,0,1,0,2,2,1,1,0,2,1,0,1,1,4,0,1,1,0,3,2,0,2,6,0
611,0,1,1,0,8,4,4,1,1,1,0,1,4,1,0,2,0,2,1,1,2,0,1,1,0,0,3,0,2,6,0
612,0,1,1,1,4,2,2,0,2,0,1,2,5,2,0,2,1,1,0,1,5,0,3,4,1,3,0,0,2,5,0
613,0,1,0,0,5,2,2,1,1,0,0,1,4,2,0,2,3,1,0,1,4,0,4,4,2,3,0,0,2,6,0
614,1,1,0,0,6,0,0,0,2,0,0,2,5,4,0,2,1,1,1,1,1,3,5,4,2,1,3,0,2,4,0
615,1,1,0,0,3,2,5,0,2,0,0,2,2,2,0,2,,1,1,1,,2,5,4,1,2,3,0,2,5,0
616,0,1,1,0,3,2,2,0,2,0,2,2,5,3,0,2,1,1,0,1,4,1,4,4,2,0,2,0,2,5,0
617,0,1,1,0,3,5,2,1,2,0,0,1,4,1,0,2,1,1,0,1,4,0,4,3,2,,1,0,2,2,1
618,0,1,0,0,8,4,2,2,1,1,2,2,,,,,,,0,1,,0,2,1,0,1,2,0,2,4,0
619,0,2,0,0,6,2,2,0,2,0,0,1,4,1,0,2,1,1,0,1,3,0,5,5,1,3,1,0,2,4,0
620,0,1,1,1,8,2,5,1,0,0,0,1,5,3,0,2,1,1,1,1,3,3,4,5,2,0,0,0,2,4,0
621,0,1,1,0,4,2,2,1,1,0,0,1,3,1,0,0,0,1,1,1,0,1,2,3,0,2,5,0,2,5,0
622,0,1,1,0,1,0,0,0,0,0,1,2,5,4,0,1,1,1,1,1,,1,2,3,0,,,,,,0
623,0,1,0,0,3,3,0,0,1,0,0,1,5,4,0,1,,1,1,1,,1,4,3,2,3,3,1,,4,0
624,0,1,0,0,5,1,3,4,1,1,2,2,0,1,0,2,0,1,1,1,1,0,0,0,0,0,5,0,2,4,0
625,1,1,0,0,5,2,0,0,1,0,2,2,3,1,0,2,1,1,1,0,,1,1,1,0,2,3,1,2,4,0
626,0,1,0,0,4,2,2,1,2,0,0,1,5,4,0,0,,1,0,1,,0,3,3,0,,,0,2,,0
627,1,1,0,2,5,2,3,4,1,1,2,2,0,2,0,1,1,0,1,1,3,0,1,1,0,1,1,0,2,6,0
628,0,1,0,0,6,2,2,0,1,0,2,2,4,3,,0,0,1,1,1,5,1,3,4,2,,4,0,2,0,0
629,0,1,1,0,8,3,4,1,1,0,2,1,0,1,0,2,0,2,1,1,3,1,2,3,0,4,2,0,2,4,0
630,0,1,1,0,5,2,0,3,2,0,2,2,2,4,0,1,1,1,0,1,0,0,1,0,1,1,4,0,2,6,0
631,0,2,0,0,8,4,5,1,1,0,0,1,4,1,1,2,1,1,1,1,3,2,4,4,2,2,4,0,2,4,0
632,1,2,0,0,8,2,4,1,0,0,1,0,5,3,0,2,1,1,1,1,0,2,3,3,2,2,2,0,2,2,1
633,0,2,0,0,5,2,5,0,2,0,0,2,3,2,0,2,1,0,1,1,1,2,5,4,1,3,0,0,2,2,0
634,0,2,1,0,3,5,5,1,1,0,0,1,4,3,0,1,1,1,1,1,4,1,4,4,2,5,2,0,2,5,0
635,1,2,0,0,4,2,0,1,0,0,0,1,5,4,0,1,1,2,0,0,5,3,5,5,1,4,4,0,2,5,1
636,0,2,1,0,8,2,1,0,1,0,2,2,5,3,0,1,,1,1,1,5,2,3,4,2,3,2,0,2,6,0
637,0,2,0,0,4,2,3,4,1,1,2,2,0,0,0,2,1,2,1,1,3,1,1,1,0,1,2,0,2,6,0
638,0,2,0,0,5,2,3,4,1,1,2,2,0,1,0,2,2,2,1,1,2,1,2,2,0,3,4,0,2,3,0
639,0,2,0,0,5,5,4,0,0,1,1,2,0,5,0,2,0,1,0,1,0,0,0,0,0,,0,0,2,3,1
640,0,2,1,0,4,2,0,0,1,0,2,2,5,4,0,,,1,1,1,1,0,0,0,0,1,5,0,2,4,0
641,0,2,0,1,5,3,0,0,0,0,0,2,4,3,0,2,1,1,1,0,4,2,5,5,2,3,5,0,1,2,0
642,0,2,0,0,4,5,4,3,2,0,2,2,2,5,0,1,1,1,0,1,0,0,1,0,1,1,2,0,1,1,0
643,1,2,0,1,0,2,4,0,0,0,0,2,4,5,0,1,,1,1,1,4,0,3,4,2,5,2,1,2,4,1
644,0,3,0,0,5,0,4,1,1,0,0,1,1,1,0,1,0,0,1,1,0,1,2,2,0,,4,0,2,3,0
645,0,2,0,0,5,5,3,1,2,0,0,1,4,2,0,1,,2,0,1,3,0,4,5,2,1,0,0,2,5,0
646,0,2,0,0,6,3,3,4,1,1,2,2,0,2,0,2,0,2,1,1,2,0,0,0,0,3,0,0,2,2,0
647,0,2,1,0,4,2,2,1,2,0,2,1,4,2,0,2,1,1,1,1,5,2,5,5,1,2,2,0,,2,0
648,0,2,0,1,7,2,2,0,0,0,0,2,5,5,0,2,1,1,0,1,5,2,4,2,2,2,3,0,2,3,0
649,0,2,0,0,6,2,2,1,1,0,0,1,4,3,0,2,1,1,0,1,5,1,4,4,2,1,5,0,2,2,0
650,0,2,1,0,5,5,4,3,1,0,2,2,,4,0,2,2,1,1,1,0,1,2,2,0,5,5,0,2,1,0
651,0,3,1,1,1,4,5,0,2,0,1,2,4,2,0,2,1,1,0,1,5,1,4,4,2,,4,0,1,1,0
652,0,3,1,0,3,3,3,0,0,1,2,2,3,3,0,0,0,1,1,1,3,1,2,2,1,2,5,0,2,2,1
653,0,3,0,0,4,2,4,3,1,0,2,2,2,4,0,2,3,1,1,1,2,1,1,1,1,2,5,0,2,2,0
654,0,3,1,0,5,2,3,0,0,1,1,2,1,2,0,2,3,2,1,1,2,0,0,0,0,2,5,0,2,1,0
655,0,3,0,0,5,0,4,3,2,0,2,2,3,3,0,2,0,1,1,1,1,1,2,2,0,1,5,0,2,2,0
656,0,3,0,0,5,1,3,4,1,1,2,2,0,1,0,2,0,2,1,1,4,0,0,0,0,3,4,0,2,1,0
657,0,3,0,0,5,2,3,0,0,0,0,1,,5,0,2,1,2,1,1,4,3,5,5,2,3,0,0,2,2,0
658,0,3,0,0,7,5,0,0,1,0,2,2,5,2,0,,,1,1,1,2,0,0,0,0,4,4,0,2,3,0
659,1,3,0,1,4,2,0,0,0,0,1,2,2,2,0,2,0,1,1,1,3,0,0,0,0,1,3,0,2,2,0
660,0,3,0,0,5,2,3,1,2,0,0,1,4,2,0,1,0,0,1,1,2,0,0,0,0,3,4,0,2,5,0
661,0,3,0,0,8,4,5,0,1,0,2,2,4,2,0,2,1,1,1,1,5,0,2,4,2,1,4,0,2,1,0
662,0,3,0,0,6,3,3,1,1,0,0,1,4,3,0,1,1,2,1,1,5,3,4,5,2,3,2,0,2,1,0
663,0,3,0,1,5,2,2,0,2,0,2,2,5,4,0,1,0,1,1,1,,0,2,2,0,0,2,0,2,2,0
664,0,3,1,1,4,2,4,3,1,0,2,2,3,3,0,2,0,1,1,1,2,1,2,2,0,2,0,0,2,3,0
665,0,0,1,0,1,2,0,1,2,0,0,1,3,2,0,2,0,1,1,1,2,1,1,3,0,0,1,0,2,2,1
666,1,0,0,0,3,2,1,0,1,0,0,1,5,3,0,1,1,1,1,1,3,1,3,5,2,4,5,1,1,0,0
667,1,3,0,1,0,2,4,3,0,0,1,2,2,3,0,2,,1,1,1,0,2,4,5,1,3,1,0,1,1,1
668,0,3,1,0,3,2,4,3,1,0,2,2,0,2,0,2,0,1,1,1,1,0,0,0,0,2,0,0,2,1,0
669,0,3,0,0,5,4,0,0,0,0,1,2,5,4,0,0,0,1,1,1,1,1,2,2,0,5,0,1,1,3,0
670,0,3,0,0,6,2,3,3,1,0,2,2,0,0,0,2,1,2,1,1,3,0,1,1,0,4,3,0,2,4,0
671,0,3,0,0,4,2,0,1,1,0,0,1,4,2,0,1,0,1,1,0,3,0,2,3,2,1,,0,2,4,0
672,0,3,0,0,8,1,3,0,0,0,0,1,5,2,0,1,0,0,1,1,1,2,5,5,3,2,2,0,1,4,1
673,1,3,0,0,3,2,0,0,2,0,0,2,4,1,0,2,1,1,1,1,4,2,5,5,2,4,4,1,1,4,0
674,0,0,0,0,1,5,0,0,1,0,2,2,5,3,0,0,,1,1,0,4,0,0,5,1,3,2,0,2,5,0
675,0,0,0,0,4,2,2,0,1,0,2,2,4,3,0,2,1,1,1,1,,2,4,4,2,,5,0,2,2,0
676,0,0,0,0,3,2,5,0,1,0,0,2,4,3,0,2,1,1,1,1,4,1,4,3,2,3,2,0,2,5,0
677,0,0,0,0,5,1,3,1,2,0,0,1,5,4,0,1,,0,1,1,4,2,4,3,2,2,3,0,2,3,0
678,0,0,0,0,8,2,0,0,1,0,2,2,3,2,0,0,,1,1,1,1,1,2,3,0,3,4,0,2,5,0
679,0,0,0,0,6,5,4,3,1,0,2,2,0,5,0,2,3,1,1,1,1,0,1,1,0,5,4,0,2,3,0
680,0,0,0,0,4,2,3,3,1,0,0,2,0,3,0,1,1,1,1,1,2,0,1,1,0,,,0,2,3,0
681,0,0,0,0,6,2,0,0,2,0,0,2,3,1,0,2,0,1,1,1,1,1,2,2,0,3,0,0,1,3,0
682,1,0,1,0,3,2,4,3,2,0,2,2,4,4,0,,,1,1,1,,1,3,2,1,4,1,0,2,5,1
683,0,0,0,0,6,5,4,3,2,0,2,2,3,3,0,1,,1,0,1,0,0,1,0,1,5,0,0,2,2,0
684,0,0,0,0,8,2,2,1,1,0,0,1,5,2,0,2,0,1,0,1,3,0,1,4,2,3,2,0,2,4,0
685,1,0,0,0,0,0,4,1,2,0,0,1,4,2,0,2,,1,1,1,3,2,5,4,1,2,0,1,0,2,1
686,0,0,0,0,3,2,2,1,1,0,0,1,3,2,0,2,0,1,0,1,2,0,2,1,0,2,1,0,2,5,0
687,0,0,1,0,2,0,0,1,1,0,0,1,2,2,0,2,1,1,1,1,0,2,3,3,2,3,3,0,2,2,0
688,0,1,0,0,5,2,2,0,1,0,0,2,,1,0,0,1,1,0,1,5,0,3,3,0,4,0,0,2,4,0
689,0,0,0,0,7,2,3,1,0,1,1,0,4,4,0,1,1,0,1,1,3,0,1,1,0,4,0,0,2,3,0
690,0,0,1,0,7,2,3,2,1,1,2,2,0,1,0,2,0,2,1,1,3,0,0,0,0,,5,0,2,2,0
691,0,0,0,0,8,4,0,1,1,0,0,1,4,2,0,1,1,1,1,1,,3,5,5,3,5,0,0,2,6,0
692,0,0,1,0,1,2,2,0,2,0,0,1,5,2,0,2,1,1,1,1,5,2,4,3,2,,1,0,2,2,0
693,1,1,1,0,5,2,0,3,0,1,1,2,4,5,0,2,,1,1,1,0,1,2,2,0,0,3,0,2,4,0
694,0,1,0,0,5,3,4,1,2,0,2,1,2,5,0,2,,1,1,1,4,0,0,0,0,3,0,0,2,5,0
695,0,1,1,0,5,3,0,0,0,0,0,1,5,5,,2,,1,1,1,0,1,2,2,0,5,0,,2,3,0
696,0,1,1,0,8,5,3,0,0,1,1,0,5,5,0,1,0,1,1,1,2,1,1,1,0,1,2,0,2,5,0
697,0,1,1,0,4,2,1,0,1,0,0,1,4,1,0,1,1,1,1,1,5,1,3,4,2,3,2,1,1,3,0
698,0,1,0,0,8,2,2,0,0,0,2,2,,4,0,2,1,1,1,1,5,0,5,5,0,,0,0,2,5,0
699,0,1,0,0,5,2,2,0,1,0,2,2,1,4,0,2,0,1,1,1,2,0,0,0,0,5,0,0,2,5,0
700,0,1,0,0,6,2,2,0,1,0,0,2,1,1,0,2,2,1,1,1,,1,4,3,2,5,0,0,2,6,0
701,0,1,0,0,6,2,2,0,2,0,2,2,3,1,0,2,1,1,0,1,5,0,4,4,2,,3,1,0,2,0
702,0,1,0,0,6,4,2,0,0,0,0,0,5,3,0,1,,1,1,1,5,0,1,1,0,2,1,0,2,5,0
703,0,1,1,0,3,2,2,0,2,0,0,2,4,1,0,2,1,1,1,1,5,2,4,4,2,4,0,0,2,5,0
704,0,1,0,0,4,2,4,0,1,0,2,2,2,3,0,0,0,1,1,1,2,1,2,1,0,5,0,0,2,6,0
705,0,1,1,0,6,3,3,4,1,1,2,2,0,1,0,2,0,0,1,1,4,0,0,0,0,,3,0,2,2,0
706,0,1,0,0,7,5,4,3,2,0,1,2,3,4,0,2,1,1,1,1,,1,2,2,0,0,3,0,2,5,0
707,0,1,0,0,6,2,4,3,2,0,2,2,3,5,0,2,,1,1,1,0,1,2,1,0,,4,0,2,6,0
708,0,1,1,0,6,2,2,0,1,0,0,1,3,2,0,2,,1,1,1,2,1,2,2,0,1,2,0,2,4,1
709,0,1,1,0,1,4,2,0,1,0,0,2,3,1,0,2,0,1,0,1,1,1,2,2,0,0,2,0,2,3,0
710,0,1,1,1,3,2,5,0,0,0,1,2,3,3,0,2,0,1,1,1,2,3,5,5,2,0,2,0,2,4,0
711,0,1,1,0,3,2,2,1,2,0,0,1,3,1,0,2,,1,0,1,1,1,2,1,0,3,1,0,2,5,0
712,0,1,0,0,5,2,3,2,1,1,2,2,0,4,0,2,0,2,1,1,3,0,0,0,0,3,3,0,1,4,0
713,0,1,0,0,3,2,2,1,1,0,0,1,3,1,0,2,1,1,0,1,,1,2,2,0,1,2,0,2,6,0
714,0,1,1,0,1,2,0,1,1,0,0,1,3,3,0,2,0,1,1,1,2,1,2,1,0,2,2,0,2,5,0
715,0,1,0,0,5,3,0,1,1,0,0,1,4,1,0,0,1,1,1,1,1,2,5,5,3,3,4,0,2,4,1
716,0,1,0,0,5,3,4,3,2,1,2,2,2,3,0,1,0,1,0,1,0,0,1,0,0,,3,0,2,5,0
717,0,1,0,0,5,0,3,4,1,1,2,2,0,2,0,1,0,1,1,1,2,1,1,1,0,2,2,0,2,5,0
718,0,1,0,0,8,4,2,2,2,0,2,2,5,3,0,2,0,1,1,1,2,1,2,3,0,1,5,0,2,5,0
719,0,1,1,0,5,1,3,3,2,1,1,2,0,1,0,2,0,2,1,1,2,0,0,0,0,1,4,0,2,2,0
720,0,1,0,0,4,2,0,1,1,0,0,1,3,1,0,2,0,1,1,1,2,1,2,1,0,5,2,0,,5,0
721,0,1,0,0,4,2,3,4,1,1,2,2,0,4,0,2,2,1,0,1,5,1,3,2,0,1,5,0,2,3,0
722,0,1,0,0,4,2,4,0,0,0,1,0,5,5,0,2,2,1,1,1,0,1,2,3,0,2,0,0,2,5,0
723,0,1,0,0,3,2,2,3,2,0,2,2,1,1,0,1,1,1,1,1,5,0,3,2,0,,3,0,1,2,0
724,0,1,0,2,5,5,0,1,1,0,0,1,3,1,0,2,0,1,1,1,1,1,2,2,0,2,2,0,2,3,0
725,0,1,1,0,5,2,3,4,1,1,2,2,0,4,0,2,1,2,1,1,0,0,1,0,0,0,1,0,2,6,0
726,1,1,1,0,2,2,5,1,0,0,0,1,5,3,0,2,1,0,1,1,3,3,5,5,2,2,0,0,2,5,1
727,0,1,0,0,3,2,1,0,2,0,1,0,5,5,0,1,1,1,1,1,,2,3,4,2,,5,0,2,4,0
728,0,1,0,2,6,5,0,0,0,1,0,1,5,3,0,2,1,2,0,0,0,0,5,5,1,,4,0,1,5,0
729,1,2,1,0,6,2,4,1,1,0,0,1,1,1,0,2,1,1,1,1,4,0,1,1,0,5,4,0,2,3,0
730,0,1,0,0,3,2,2,0,1,0,0,2,2,1,0,2,0,1,0,1,3,1,2,3,0,1,,0,2,4,0
731,0,1,0,0,6,3,4,3,2,0,2,2,2,4,0,2,1,1,1,1,5,2,4,3,2,0,4,0,2,4,0
732,0,1,0,0,7,5,3,4,1,1,2,2,0,3,0,2,0,1,1,1,3,0,0,0,0,1,4,0,2,2,0
733,0,1,0,0,8,1,3,3,2,1,2,2,,2,0,1,1,2,1,1,3,0,3,1,0,1,2,0,2,6,0
734,0,1,1,2,4,2,4,1,0,0,0,1,4,4,0,2,0,0,1,1,1,1,2,2,0,,0,0,2,5,0
735,0,2,1,0,4,2,0,0,1,0,0,1,,3,,2,,1,1,1,,0,2,3,2,2,3,0,2,6,0
736,0,1,0,0,5,4,3,4,1,1,2,2,0,1,0,2,0,2,1,1,0,0,0,0,0,2,0,0,2,5,0
737,0,2,1,0,6,3,5,0,1,0,0,2,2,2,0,1,1,2,1,1,4,1,3,4,2,3,1,0,1,4,0
738,0,2,0,0,6,2,3,3,2,1,2,2,3,2,0,2,1,2,1,1,2,0,2,1,1,2,2,,2,0,0
739,0,2,0,0,3,2,2,0,2,0,0,2,,5,0,2,0,1,1,1,,0,3,3,0,0,2,0,1,2,0
740,1,2,1,0,3,2,0,0,0,0,1,2,0,4,,2,,1,1,1,4,3,4,5,2,2,3,0,2,5,1
741,0,2,1,0,1,0,4,1,1,0,2,1,1,3,0,1,0,1,0,1,0,0,1,0,1,1,3,0,2,5,0
742,1,2,0,0,6,2,4,3,2,0,2,2,1,5,0,2,3,1,1,1,2,0,1,1,0,0,5,0,2,3,0
743,0,2,0,0,4,2,4,3,1,0,2,2,0,3,0,0,1,1,0,1,0,0,0,0,1,3,0,0,2,5,0
744,0,2,0,0,5,3,3,4,1,1,0,2,0,2,0,2,0,1,1,1,1,0,0,0,0,3,1,0,2,4,0
745,0,2,1,0,8,3,3,3,2,0,2,2,5,4,0,1,0,2,1,1,2,0,0,0,0,2,0,0,2,6,0
746,0,2,0,0,5,2,4,3,2,1,2,2,4,3,0,1,0,1,0,1,0,0,1,1,1,3,2,0,2,4,0
747,1,2,0,1,0,2,3,0,1,0,2,1,0,1,0,,,1,1,1,3,1,2,2,0,5,3,0,2,4,0
748,0,2,0,0,7,2,3,2,0,0,0,1,5,4,0,1,0,0,1,1,2,0,0,0,0,,1,0,2,3,0
749,0,2,0,0,5,2,5,0,0,0,0,2,4,3,0,2,,2,1,1,3,2,5,5,3,0,1,1,1,3,0
750,0,2,1,0,8,1,3,4,1,1,2,2,0,1,0,2,,2,1,1,3,0,0,0,0,5,3,0,2,2,0
751,0,2,0,1,5,2,3,0,1,0,0,1,4,1,0,2,,2,0,1,2,2,5,5,3,4,4,0,2,2,0
752,0,2,1,0,6,3,0,0,2,0,1,2,0,5,0,1,,1,0,1,,0,5,5,0,1,4,0,2,2,0
753,0,2,1,0,5,5,4,0,0,0,1,2,3,1,0,2,0,1,1,1,1,1,2,2,0,2,3,0,2,2,0
754,0,2,0,0,5,2,2,0,0,0,1,2,5,3,0,,,1,0,1,5,2,4,4,2,2,3,0,1,2,0
755,1,2,0,0,3,2,4,0,0,1,1,2,5,5,0,2,1,1,0,1,,0,0,0,0,2,5,0,2,2,0
756,0,2,0,0,4,0,2,0,2,0,2,2,2,1,0,2,1,1,0,1,4,2,4,4,2,5,5,0,2,2,0
757,0,2,0,0,3,2,0,0,1,0,2,2,5,2,0,2,0,1,1,1,2,1,2,2,0,2,5,1,0,0,0
758,1,2,0,0,3,2,1,1,2,0,0,1,5,5,0,1,0,1,1,1,4,0,3,4,2,3,4,0,2,5,0
759,0,2,0,0,8,2,0,1,0,0,0,1,5,3,0,1,1,1,1,1,0,1,5,5,3,4,0,0,2,3,0
760,0,2,0,0,7,3,0,0,2,0,0,2,4,3,0,2,1,1,1,1,5,1,4,3,2,3,5,0,2,2,0
761,0,3,0,0,1,2,4,3,2,0,0,2,2,5,0,1,1,1,0,1,0,0,0,0,1,0,5,0,2,1,0
762,0,3,0,0,8,3,4,3,2,0,2,2,4,5,0,2,,1,1,1,2,1,2,2,0,3,4,0,2,5,0
763,0,2,0,0,5,3,4,1,0,0,1,0,4,4,0,1,1,1,1,1,3,1,1,1,0,5,3,0,2,1,1
764,1,2,0,0,3,2,0,0,1,0,2,2,4,0,0,2,,1,1,1,2,0,0,0,0,5,1,0,2,3,1
765,0,2,0,0,8,3,0,1,2,0,0,1,4,2,0,0,,1,1,1,,1,2,2,0,3,4,0,1,3,0
766,0,2,0,0,5,1,4,1,1,0,0,1,5,3,0,1,0,2,1,1,0,0,0,0,0,1,4,0,2,1,0
767,0,3,0,0,8,3,5,0,0,0,0,2,5,2,0,2,,1,1,1,,2,5,5,1,2,4,0,2,2,0
768,0,3,0,0,,2,4,0,1,1,0,1,0,1,0,2,,1,1,1,2,1,1,2,0,1,4,0,1,2,0
769,0,3,0,1,1,3,0,0,2,0,0,2,,4,,2,1,1,1,1,,3,5,5,2,1,,,,0,0
770,0,3,0,0,7,5,0,3,2,0,0,2,3,4,0,0,0,1,1,1,0,1,2,2,0,1,0,0,2,0,0
771,0,3,0,0,2,2,3,2,1,1,2,2,0,1,1,2,,2,1,1,4,0,0,0,0,,5,0,2,2,0
772,1,3,0,0,4,2,0,1,1,0,0,1,3,1,0,2,1,1,1,1,4,1,2,3,2,3,5,1,0,0,0
773,0,3,0,0,3,2,1,1,1,0,0,1,4,2,0,1,1,1,1,1,4,1,3,4,2,5,3,0,2,5,0
774,0,3,0,0,5,2,0,1,0,0,0,1,2,1,0,2,0,1,1,1,2,0,0,0,0,5,3,0,2,4,0
775,0,3,1,0,8,2,5,1,0,0,0,1,1,2,0,2,,1,0,1,1,2,5,5,1,1,4,0,2,2,0
776,1,3,0,1,3,2,4,0,2,0,0,2,5,4,0,2,,0,0,1,3,3,5,5,0,3,5,0,2,1,1
777,0,3,0,0,5,2,3,1,0,1,2,0,3,2,0,2,1,2,1,1,1,0,1,1,0,4,0,0,2,2,0
778,1,3,1,0,5,2,0,1,1,0,2,1,5,1,0,1,1,1,1,1,4,1,3,4,2,5,3,0,2,1,0
779,0,3,1,0,8,0,4,0,2,0,0,2,3,3,0,2,0,1,1,1,1,1,2,2,0,5,2,0,2,1,0
780,0,3,0,0,1,5,3,1,1,0,0,1,2,3,0,1,1,0,1,1,2,0,1,1,0,3,3,0,2,4,0
781,0,3,0,0,4,2,4,0,0,0,0,0,3,3,0,2,3,1,0,0,0,1,3,3,1,2,5,0,2,1,0
782,0,3,0,0,4,1,5,1,2,0,0,1,5,5,0,1,1,0,0,1,4,1,4,3,2,3,3,0,2,2,0
783,0,3,0,0,8,2,0,0,1,0,2,2,4,3,0,1,1,1,1,1,3,1,3,4,2,1,0,0,2,1,0
784,1,3,0,0,5,5,4,3,1,1,0,2,0,4,0,2,0,1,1,1,3,1,2,3,0,1,2,0,2,4,0
785,0,0,0,0,8,2,1,0,2,0,0,1,5,1,0,1,,1,1,1,5,1,3,4,2,3,2,0,2,0,0
786,0,3,0,0,8,5,0,0,1,0,2,2,1,0,0,2,0,1,1,1,2,0,0,0,0,2,5,0,2,1,0
787,0,3,0,0,3,2,4,3,2,0,2,2,2,4,0,1,1,1,1,1,0,1,2,2,2,1,5,0,2,0,0
788,0,3,0,0,1,2,0,0,1,0,2,2,0,1,0,1,1,1,1,1,5,1,3,4,2,3,,0,2,5,0
789,0,3,1,2,5,2,0,0,1,0,2,2,4,4,1,2,0,1,1,1,2,1,2,2,0,0,5,0,2,0,1
790,0,3,1,0,7,3,4,1,0,0,1,0,5,5,0,2,0,1,1,0,2,1,2,2,0,,0,1,0,0,0
791,0,0,1,0,5,1,4,1,0,0,1,0,5,4,0,2,1,1,1,1,2,0,1,1,0,2,3,0,2,3,0
792,0,0,0,0,6,3,0,1,0,0,1,1,5,3,0,2,0,1,1,1,1,1,2,2,0,,0,0,2,5,0
793,0,3,0,0,4,2,2,0,1,0,2,2,5,3,0,1,,1,0,1,4,0,3,3,0,0,4,0,2,2,0
794,1,0,0,0,3,2,1,0,1,0,0,2,5,1,0,1,1,1,1,1,3,3,4,5,2,3,2,0,2,0,0
795,0,0,0,0,6,2,0,0,1,0,0,1,1,0,0,2,0,1,1,0,3,0,0,0,0,3,5,0,,3,0
796,0,0,0,0,5,2,4,0,2,0,2,2,5,5,0,1,1,1,1,1,2,0,1,1,0,1,5,0,2,2,0
797,0,0,0,0,8,3,3,1,2,0,0,1,4,1,0,2,0,0,1,1,3,0,0,0,0,2,2,0,2,2,0
798,0,0,1,0,5,2,3,4,1,1,2,2,0,1,0,2,0,2,1,1,2,0,0,0,0,2,2,0,2,1,0
799,0,0,0,0,3,2,0,0,2,0,2,2,5,2,0,2,0,1,1,1,2,1,2,3,0,4,4,0,2,3,0
800,0,0,0,0,4,5,4,0,0,0,1,2,5,4,0,0,,1,0,1,0,0,0,0,1,,4,0,2,2,1
801,0,0,0,0,3,2,1,1,2,0,0,1,4,3,0,1,1,1,1,1,4,0,3,4,2,3,5,0,2,1,0
802,1,0,0,1,5,2,0,0,2,1,0,1,4,1,0,2,1,1,1,1,,1,5,5,3,,0,0,2,0,0
803,0,0,0,0,5,2,4,2,1,1,2,2,,4,0,0,,1,0,1,0,0,0,0,1,3,5,0,2,3,1
804,0,0,0,0,5,2,4,0,1,0,0,2,1,1,0,2,0,1,1,1,4,0,0,0,0,3,3,0,2,2,0
805,0,0,1,0,4,2,3,0,1,0,0,2,1,1,0,2,2,2,0,1,,1,2,3,0,3,1,0,2,2,0
806,0,0,0,0,4,2,4,3,2,0,2,2,1,5,0,1,3,1,1,1,3,0,1,2,0,4,2,0,2,5,0
807,0,1,1,0,6,0,5,0,0,0,0,1,4,2,0,1,2,1,1,1,3,3,5,5,1,2,2,0,2,6,0
808,0,0,1,1,4,2,2,0,0,0,1,2,5,4,0,2,3,1,1,1,3,1,4,4,2,3,0,0,2,6,0
809,1,1,1,0,1,2,2,0,2,0,2,2,3,3,0,0,1,1,0,1,5,0,2,2,0,3,5,0,2,5,0
810,0,0,1,0,3,2,0,0,0,0,0,2,2,2,0,2,0,1,1,1,,0,2,3,2,5,0,,2,4,0
811,0,0,1,0,6,5,0,0,1,0,0,2,4,1,0,1,1,1,0,1,5,0,5,5,0,0,3,0,2,2,0
812,0,0,0,0,1,2,1,0,1,1,0,2,4,2,0,1,1,1,1,1,3,2,3,5,2,,2,0,2,3,0
813,0,1,0,0,4,2,0,1,0,0,0,1,4,2,0,2,1,1,1,1,5,2,4,4,2,5,1,0,2,4,0
814,1,0,0,0,3,2,1,0,2,0,0,1,4,2,0,1,1,1,1,1,5,1,3,4,2,2,3,0,2,6,0
815,0,1,0,0,4,2,1,1,1,0,0,1,2,1,0,2,1,1,1,1,1,1,2,2,0,0,2,0,2,5,0
816,0,1,0,0,8,4,4,3,0,0,1,2,3,4,0,1,1,1,1,1,3,0,1,1,0,3,0,0,2,6,0
817,0,1,1,0,3,2,1,0,1,0,0,2,5,4,0,1,1,1,1,1,3,1,1,5,2,3,3,0,2,5,0
818,0,1,0,0,8,4,0,0,1,0,2,1,,2,0,,,1,1,1,,0,0,0,0,,,,,,0
819,0,1,0,0,3,2,0,1,1,0,0,1,2,0,0,2,1,1,1,1,,2,4,4,2,3,2,0,2,2,0
820,0,1,0,0,7,5,5,0,2,0,0,2,3,2,0,2,1,1,0,1,4,1,4,3,2,1,1,0,2,6,0
821,0,1,0,0,8,2,0,0,1,0,0,2,4,2,0,2,3,1,1,1,,0,0,0,0,,,0,2,4,0
822,0,1,0,0,4,0,4,3,0,1,1,2,4,5,0,0,,1,0,1,0,0,0,0,1,2,4,0,1,2,0
823,1,1,1,0,5,3,0,0,0,0,1,2,5,5,0,1,0,1,1,1,3,0,0,0,0,3,,,2,6,0
824,0,1,0,0,6,2,4,3,0,0,2,2,5,4,0,1,0,1,0,1,0,0,1,1,1,4,2,0,2,6,0
825,1,1,1,0,4,2,4,3,1,0,2,2,4,3,0,2,3,1,1,1,2,2,4,4,2,5,3,0,1,5,0
826,0,1,0,0,4,0,3,0,1,0,2,2,,2,0,1,0,2,1,1,2,0,0,0,0,3,2,0,2,6,0
827,0,1,1,0,4,2,2,1,1,0,0,1,4,1,0,2,1,1,0,1,4,2,4,3,2,2,5,0,2,5,0
828,1,1,0,0,,5,0,0,1,0,0,1,2,2,0,1,1,1,1,0,5,0,3,4,2,1,,0,2,,0
829,1,1,0,0,5,2,4,0,0,0,1,2,5,5,0,2,,1,1,1,0,1,2,3,0,,5,0,2,5,1
830,0,1,0,1,5,5,2,1,1,0,0,1,5,1,0,2,0,1,1,1,0,1,2,2,0,1,4,0,2,5,0
831,0,1,1,0,6,0,4,0,2,0,1,2,2,4,0,1,1,1,1,1,2,1,2,2,2,3,4,0,2,5,0
832,0,1,0,0,2,2,2,1,1,0,0,1,3,1,0,0,0,1,1,1,1,1,2,2,0,1,4,0,2,5,0
833,0,1,0,0,5,2,1,0,1,0,2,2,,4,0,1,1,0,0,1,4,0,5,5,1,5,1,0,2,6,0
834,0,1,0,0,8,5,2,1,0,0,1,1,0,5,0,0,,1,1,1,4,0,4,4,2,1,2,0,1,4,0
835,0,1,1,0,5,5,4,3,1,0,2,2,4,5,1,2,1,1,1,1,3,2,4,3,2,1,2,0,2,6,0
836,0,1,0,0,4,2,4,0,0,0,2,2,3,5,0,2,3,1,1,1,2,1,3,3,0,2,2,0,2,5,1
837,0,1,0,2,4,2,2,1,1,0,0,1,1,1,0,0,0,1,0,1,3,0,3,3,0,3,3,0,2,2,0
838,0,1,1,0,3,2,2,1,1,0,0,1,3,2,0,2,0,1,0,1,,1,2,2,0,3,4,0,2,4,0
839,0,1,0,0,5,0,3,1,1,0,0,1,3,1,1,1,1,2,1,1,1,1,3,3,0,0,3,0,2,4,0
840,0,1,1,0,5,3,3,0,0,1,1,2,1,1,0,2,0,2,1,1,2,1,2,2,0,2,3,0,2,5,0
841,1,1,0,0,0,2,3,2,1,0,0,2,3,1,0,2,1,2,1,1,5,1,3,5,2,,4,0,2,6,1
842,0,1,1,0,6,2,4,3,1,0,2,2,1,4,0,1,1,1,1,1,,3,5,5,3,3,0,0,2,5,0
843,0,1,0,0,2,2,2,1,1,0,0,1,0,1,0,2,0,1,1,1,,2,4,4,2,1,,0,2,,1
844,0,1,1,0,6,2,3,1,0,0,0,1,5,4,0,1,3,1,1,1,1,0,1,1,0,,3,0,2,4,0
845,0,1,1,0,8,2,3,1,0,0,0,1,4,4,0,1,0,0,1,1,2,0,0,0,0,1,1,0,2,5,0
846,0,1,0,0,1,2,4,0,2,0,1,0,4,5,0,1,0,1,1,1,2,1,1,1,0,,2,0,2,4,1
847,0,1,0,0,1,2,0,0,0,0,0,2,0,4,0,1,1,1,1,1,5,3,5,5,3,2,2,,1,5,0
848,0,1,1,0,5,2,0,1,1,0,2,1,4,2,0,0,1,1,1,1,,2,4,4,2,3,5,0,1,6,1
849,0,1,1,0,5,1,3,3,1,0,2,2,4,4,0,1,1,2,1,1,4,1,3,4,2,,3,0,2,5,0
850,0,1,0,2,3,2,0,0,1,0,0,2,4,2,0,1,1,1,1,1,,1,3,4,2,,0,0,2,3,0
851,0,1,1,0,6,3,3,4,1,1,2,2,0,1,0,2,0,1,1,1,4,0,0,0,0,2,4,0,2,2,0
852,0,2,0,0,5,1,3,3,1,0,2,2,0,0,0,2,1,2,1,1,0,0,1,0,0,3,0,0,2,4,0
853,0,2,0,0,8,5,4,3,1,0,2,2,4,5,0,1,1,1,1,1,2,1,1,4,2,1,4,1,2,5,0
854,1,2,1,0,5,2,4,3,2,0,2,2,3,2,0,2,2,2,1,1,0,2,5,5,3,,,1,,,0
855,0,2,0,0,1,2,0,1,2,0,0,1,2,1,0,0,0,1,1,1,,1,2,1,0,0,1,,2,4,0
856,0,2,0,0,4,2,4,0,1,0,2,2,3,1,0,2,0,1,0,1,0,2,4,4,2,3,2,0,2,5,0
857,1,0,1,0,4,2,1,1,1,0,2,1,5,2,0,1,1,1,0,1,5,0,5,5,1,2,0,0,2,0,0
858,0,2,0,0,5,3,4,1,0,0,1,0,5,3,0,1,0,1,1,1,3,0,1,1,0,2,5,0,2,6,0
859,0,2,1,0,5,2,3,4,1,1,2,2,0,4,0,1,,1,0,1,0,0,1,1,1,1,5,0,2,2,0
860,0,2,1,0,4,2,3,1,1,0,0,1,3,2,0,1,1,0,1,1,2,0,1,1,0,1,1,0,2,5,0
861,1,2,0,0,3,2,4,1,0,1,1,0,5,5,0,2,1,1,0,1,0,0,1,0,1,1,0,0,2,3,0
862,0,2,0,0,3,2,1,0,0,0,2,2,5,4,0,0,0,1,1,1,3,1,3,3,0,5,0,0,2,4,0
863,0,2,0,0,8,5,0,1,2,0,2,1,2,2,0,2,1,1,1,1,2,1,2,1,0,,5,0,2,4,0
864,1,2,0,0,,2,0,0,2,0,0,2,5,4,0,,,1,1,1,2,2,5,5,3,2,2,0,2,1,1
865,0,2,1,0,4,2,4,3,1,0,2,2,0,1,0,2,0,1,1,1,1,1,2,2,0,4,0,0,1,2,0
866,1,2,0,0,3,2,1,1,2,0,0,1,5,4,0,2,1,2,0,1,4,2,5,4,2,2,2,0,2,1,1
867,0,2,0,0,3,5,0,0,1,0,0,2,3,4,0,1,1,1,1,1,3,1,1,1,0,2,4,0,2,5,0
868,1,2,0,0,4,2,3,0,0,1,1,2,2,3,0,2,0,1,1,1,3,0,0,0,0,5,5,,2,2,0
869,0,2,1,0,3,2,0,1,2,0,0,1,5,3,0,2,2,1,0,1,3,1,4,4,2,3,4,0,2,4,0
870,0,2,0,0,8,2,0,1,2,0,0,1,4,4,0,2,0,1,1,1,1,1,2,2,0,3,1,0,2,5,0
871,1,2,1,0,3,2,1,0,1,0,0,2,5,2,0,1,1,1,1,1,5,1,3,4,2,4,0,0,2,1,0
872,1,2,1,1,0,2,4,0,0,0,0,1,5,5,0,,,1,1,1,1,2,4,4,2,2,2,0,2,2,0
873,0,2,1,0,1,2,4,3,2,1,2,2,0,4,0,1,,1,0,1,,0,1,0,1,1,0,0,2,3,0
874,0,2,1,0,4,1,3,0,0,0,1,2,5,4,0,1,3,0,1,1,3,1,3,3,0,4,3,0,2,2,0
875,0,2,0,0,2,2,0,0,1,0,0,2,1,1,0,2,0,1,1,1,2,0,2,2,0,3,5,0,2,0,0
876,0,3,0,0,8,4,4,1,1,0,2,1,4,4,0,,0,1,1,1,1,1,2,1,0,3,4,0,2,0,0
877,0,2,0,0,8,3,3,1,1,0,0,1,4,3,0,2,1,2,1,1,1,0,1,1,0,,5,0,2,1,0
878,0,2,1,0,8,2,0,1,1,0,0,1,4,2,0,0,,1,1,1,2,1,1,2,0,5,2,0,2,5,0
879,1,2,1,0,3,2,0,1,0,0,1,0,4,3,0,2,1,0,0,1,3,1,1,2,2,2,4,0,2,2,0
880,0,3,1,0,8,2,3,2,1,1,2,2,1,3,0,2,3,2,1,1,5,0,0,0,0,3,5,0,2,2,0
881,0,3,0,0,4,0,0,1,2,0,0,1,4,2,0,1,1,1,1,1,5,2,3,4,2,3,2,,2,3,0
882,0,3,0,0,5,2,0,1,1,0,2,1,3,5,0,0,0,1,1,1,0,1,2,2,0,3,4,0,2,5,0
883,1,3,0,0,0,2,0,0,1,0,0,2,5,5,0,2,1,1,1,1,3,3,4,5,2,,5,1,1,1,0
884,0,3,1,1,3,2,2,0,1,0,0,2,4,3,0,2,1,1,1,1,4,2,4,4,2,,3,0,2,2,0
885,0,3,0,0,3,2,4,3,2,0,1,2,3,4,0,2,0,1,1,1,,1,2,2,0,1,5,0,2,0,0
886,0,3,0,0,6,5,3,3,2,1,2,2,1,2,0,2,0,2,1,1,1,1,2,1,0,,2,0,2,4,0
887,0,3,1,0,0,3,0,0,0,0,0,2,5,0,0,2,2,1,1,1,4,1,5,5,1,4,2,1,1,1,0
888,0,3,1,0,5,2,4,3,0,0,2,2,5,5,0,1,3,1,1,1,3,1,2,3,0,3,2,0,2,1,0
889,1,0,0,0,4,2,5,1,1,0,0,1,5,3,0,2,1,1,1,1,3,2,5,5,3,2,5,0,,4,0
890,0,3,0,0,5,3,5,3,2,1,2,2,1,1,0,2,1,0,1,1,3,2,5,5,3,1,2,0,2,2,0
891,0,3,0,0,5,4,3,1,1,0,0,1,2,1,0,1,0,2,1,1,3,0,0,0,0,2,3,0,2,5,0
892,0,0,1,0,7,5,2,0,2,0,0,2,5,5,0,2,,1,1,1,5,0,4,4,2,0,4,0,1,1,0
893,1,0,0,0,1,2,1,1,1,0,0,1,5,3,0,1,1,1,1,1,5,1,3,4,2,3,4,0,2,0,0
894,0,3,0,0,0,2,1,1,2,0,0,1,5,5,0,1,2,2,0,0,2,3,5,5,1,1,1,1,0,2,0
895,0,0,0,0,4,2,0,0,2,0,2,2,2,1,0,2,0,1,0,1,4,1,4,4,2,2,4,0,2,3,0
896,0,0,0,0,8,2,4,0,2,0,0,2,2,1,0,2,1,1,1,1,3,0,1,1,0,,5,0,2,0,0
897,0,0,0,0,8,2,4,0,2,0,1,2,4,4,1,2,0,1,1,1,3,0,0,0,0,4,4,0,2,2,0
898,0,0,0,0,0,2,4,1,2,0,2,1,2,5,0,1,,1,1,1,,1,2,2,0,4,5,0,2,1,0
899,0,0,1,0,4,5,4,3,1,0,2,2,2,5,0,2,0,1,0,1,3,3,5,5,1,5,2,0,2,2,1
900,0,0,0,0,4,2,4,3,2,0,2,2,0,3,0,1,1,1,1,1,,1,2,3,2,5,2,,2,3,0
901,1,0,0,0,4,2,4,0,1,0,0,1,2,2,0,2,0,1,1,1,0,1,2,3,0,2,5,0,2,5,0
902,0,0,0,0,7,2,4,3,0,0,1,2,4,4,0,2,1,1,0,1,0,0,1,1,1,3,1,0,2,3,0
903,0,0,1,1,8,1,4,3,2,0,2,2,1,1,0,2,0,1,1,1,,0,0,0,0,1,5,0,2,2,1
904,1,0,1,0,0,2,4,3,1,0,2,2,0,1,0,2,2,1,1,1,2,1,2,2,0,2,0,0,2,1,1
905,0,0,1,0,2,2,3,3,1,0,2,2,1,3,0,2,0,0,1,0,3,0,0,0,0,5,2,0,2,5,0
906,1,0,0,0,8,2,0,1,0,0,0,1,3,3,0,2,,2,0,1,,0,4,4,2,1,1,0,,2,1
907,0,0,1,0,8,4,5,0,0,0,1,2,4,4,0,2,1,1,1,1,2,2,4,5,2,3,2,0,2,5,0
908,0,0,1,0,4,2,2,0,2,0,1,2,2,1,0,2,1,1,0,1,5,2,4,4,2,,5,0,2,1,0
909,0,0,0,0,4,5,5,0,1,0,2,2,4,2,0,2,0,2,0,1,5,1,4,4,2,4,,0,2,,0
910,0,0,0,0,0,2,2,0,1,0,2,2,5,3,0,1,,1,1,1,,1,3,3,0,5,0,0,1,5,0
911,0,0,0,0,3,2,2,1,0,0,0,1,5,2,0,2,0,1,1,1,1,2,5,5,3,3,,1,2,1,0
912,0,0,1,0,3,2,2,1,0,0,0,1,5,2,0,2,0,1,1,1,0,2,3,3,2,3,0,0,2,3,0
913,0,0,1,0,5,3,3,1,1,0,0,1,2,1,0,2,1,2,1,1,1,0,1,0,0,2,4,0,2,3,0
914,0,0,0,0,5,2,3,1,1,0,0,1,0,0,0,1,0,1,1,1,3,0,0,0,0,,3,0,2,5,0
915,1,0,1,0,0,2,4,3,1,0,2,2,0,2,0,2,0,1,1,1,0,0,1,1,0,1,0,1,0,2,0
916,0,0,0,0,6,2,0,0,1,0,0,2,2,1,0,2,1,1,1,1,0,3,4,4,2,3,0,0,2,3,0
917,0,0,1,0,1,2,2,1,1,0,0,1,4,2,0,0,1,1,0,1,5,0,4,4,2,0,1,0,1,2,1
918,0,0,0,0,3,2,2,0,2,0,1,2,3,1,0,2,,1,0,1,,1,4,4,2,1,4,0,2,3,0
919,0,0,0,0,0,2,3,4,1,1,2,2,0,3,0,1,0,2,1,1,2,1,2,3,0,5,2,0,2,4,0
920,0,0,0,0,8,3,4,0,0,1,1,2,5,1,0,1,1,1,1,1,3,1,1,1,0,1,3,0,2,4,0
921,0,0,0,0,8,3,3,4,1,1,2,2,0,1,0,2,,2,1,1,1,0,1,0,0,,3,0,2,4,0
922,0,0,1,2,5,2,3,4,1,1,2,2,0,4,1,1,1,1,1,1,2,0,1,1,0,,1,0,1,3,0
923,0,1,1,0,5,2,2,1,2,0,0,1,3,2,0,2,0,1,1,1,1,1,2,2,0,5,1,0,,4,0
924,0,0,0,0,1,2,3,0,1,0,0,2,,3,0,,,2,1,1,,0,5,5,1,3,0,0,2,5,0
925,0,1,0,0,2,3,0,0,2,0,0,1,3,1,0,1,,2,0,1,3,0,5,5,0,,,0,,2,0
926,0,1,0,0,6,3,4,3,1,0,2,2,1,2,0,2,0,1,1,1,0,1,2,2,0,3,2,0,2,5,0
927,1,1,0,0,4,2,0,0,1,1,0,1,4,3,0,2,0,1,1,1,2,1,2,2,0,1,0,0,2,3,0
928,1,1,0,0,0,2,0,1,2,0,2,1,4,4,0,2,,1,1,0,2,3,5,4,1,3,3,0,0,2,1
929,0,1,0,0,4,2,1,0,1,0,2,2,5,3,0,1,0,1,0,1,,0,5,5,0,3,5,0,2,2,0
930,1,1,0,0,,2,3,1,1,0,0,1,4,4,0,1,0,0,1,1,2,1,2,2,0,4,2,0,2,3,0
931,0,1,1,0,7,3,3,3,2,1,2,2,1,4,0,2,0,2,1,1,3,0,0,0,0,3,1,0,2,4,0
932,0,1,1,0,5,2,2,1,1,0,0,1,3,0,0,2,0,1,1,1,2,1,2,2,0,5,1,0,2,6,0
933,0,1,0,1,8,3,3,0,1,0,0,2,1,1,0,2,1,2,1,1,4,1,3,4,2,2,3,0,2,5,0
934,0,1,1,0,3,2,4,3,1,0,2,2,2,4,0,2,0,1,1,1,1,1,2,2,0,,4,0,2,5,0
935,1,1,0,0,0,2,4,1,0,0,1,1,5,4,0,0,0,1,0,1,1,1,2,3,0,2,1,,0,2,1
936,0,1,0,0,6,5,0,1,1,0,0,1,3,1,0,2,0,1,1,1,1,1,2,2,0,4,3,0,2,5,0
937,0,1,0,0,5,2,0,0,1,0,2,2,2,3,0,1,1,2,0,1,4,1,3,4,2,1,4,0,2,5,1
938,0,1,1,0,1,2,2,0,1,0,2,2,3,2,0,,,1,1,1,,0,0,0,0,,,,,,0
939,0,1,0,0,5,2,2,0,1,0,2,2,4,1,0,0,1,1,0,1,3,0,3,2,0,0,2,0,2,5,0
940,0,1,1,0,6,3,0,1,1,0,0,1,3,1,0,1,1,1,1,1,3,1,3,4,2,2,2,0,2,4,0
941,0,1,1,0,3,2,0,1,1,0,0,1,1,0,0,2,3,1,1,1,1,0,0,0,0,1,,0,2,5,0
942,1,1,0,1,5,5,4,0,0,0,0,2,4,4,0,2,3,2,0,0,2,3,5,5,1,1,2,0,2,5,0
943,0,1,0,0,5,3,0,0,2,0,2,2,4,4,0,1,1,1,1,1,3,1,3,4,2,4,2,,2,5,0
944,0,1,0,0,8,2,0,0,1,0,2,2,4,1,0,2,0,1,1,1,3,0,0,0,0,3,1,0,2,6,0
945,0,1,1,0,6,2,2,1,1,0,0,1,4,3,0,2,0,1,1,1,2,1,2,2,0,3,,0,2,,0
946,0,1,0,0,7,5,2,0,0,0,1,2,5,4,0,2,0,1,1,1,,1,2,2,0,1,0,0,2,5,0
947,0,1,0,0,3,2,2,1,0,0,0,1,4,3,0,2,0,1,0,1,1,1,2,3,0,5,3,0,2,3,0
948,0,1,0,0,4,2,2,1,1,0,0,1,3,2,0,2,0,1,1,1,1,1,2,3,0,3,3,0,2,2,0
949,0,1,0,0,6,4,4,0,1,0,0,2,4,4,0,2,,1,1,1,3,0,1,1,0,3,3,0,2,5,0
950,0,1,1,1,6,0,0,0,2,0,0,2,2,3,0,1,0,2,1,1,4,2,1,4,2,3,4,0,2,3,0
951,0,1,1,0,3,2,2,0,2,0,2,1,5,2,0,2,0,1,1,1,,1,3,3,2,2,3,0,2,5,0
952,0,1,1,0,3,2,2,0,1,0,0,2,3,1,0,2,1,1,0,1,4,2,4,4,2,0,,0,,4,0
953,1,2,0,0,,2,4,1,0,0,1,0,5,3,0,2,1,1,1,1,2,1,2,2,0,4,2,0,2,5,0
954,0,2,0,0,6,2,1,0,0,0,1,2,5,3,0,2,1,1,1,0,5,0,5,5,1,1,2,,2,4,0
955,1,1,0,0,4,5,4,2,1,1,2,2,0,4,0,0,,1,0,0,,0,1,0,1,,2,0,2,5,1
956,0,1,0,0,4,2,2,0,2,0,1,2,5,5,0,1,0,1,0,1,5,0,3,4,2,,5,,,5,0
957,0,1,1,0,4,2,2,1,1,0,0,1,4,1,0,2,3,1,0,1,0,1,2,1,0,3,3,0,2,5,0
958,0,1,0,0,4,5,0,1,1,0,0,1,0,0,0,1,0,1,1,1,2,0,0,1,1,3,3,0,2,5,1
959,0,1,1,0,,2,5,0,1,0,2,1,4,2,0,2,1,2,1,1,3,2,4,4,2,,1,0,2,3,0
960,0,1,0,0,3,2,0,1,0,0,0,1,5,5,0,2,,1,1,1,,1,3,2,0,1,0,0,2,3,0
961,0,1,0,0,5,1,4,1,1,0,0,1,1,1,0,1,1,0,1,1,,0,1,1,0,,5,0,2,2,0
962,0,2,0,0,4,2,2,1,0,0,1,1,4,2,0,1,,1,0,1,5,2,4,4,2,3,5,0,2,4,0
963,0,3,0,0,8,2,0,0,1,0,0,2,4,0,,1,,1,1,1,,2,5,5,1,3,3,,2,2,0
964,0,1,0,0,7,3,0,0,1,0,2,2,4,3,0,2,1,1,0,1,5,1,4,4,2,3,0,0,2,5,0
965,0,1,0,0,5,2,4,3,1,1,2,2,1,4,0,1,3,,1,1,,1,3,4,0,0,0,0,2,6,0
966,0,2,1,0,8,3,1,1,1,0,0,1,4,1,0,2,2,1,1,1,2,1,2,3,0,2,3,0,2,6,0
967,0,1,1,1,5,5,4,0,0,0,1,2,5,2,0,1,1,1,1,1,,2,3,4,2,,,0,,,0
968,0,2,0,0,4,2,4,3,1,0,2,2,3,4,0,2,,1,1,1,1,2,4,3,2,5,4,0,2,2,0
969,0,2,0,0,4,2,2,0,1,0,2,2,4,3,0,2,0,1,0,1,2,1,2,2,0,1,2,0,2,6,0
970,0,2,0,0,7,2,5,0,0,0,0,2,4,3,0,2,1,1,0,1,4,1,4,4,2,4,2,0,2,6,0
971,1,1,0,0,6,0,1,0,2,0,2,2,4,2,0,0,2,1,1,0,3,0,5,5,1,5,0,0,2,5,0
972,0,2,0,0,5,5,4,4,1,1,2,2,0,5,0,0,3,1,0,1,0,0,0,0,1,,,,,,0
973,0,2,1,1,6,3,0,0,2,0,2,2,5,5,0,1,1,1,1,1,0,1,3,2,0,,3,0,2,3,0
974,0,2,1,0,5,4,3,3,2,1,2,2,1,3,0,2,0,1,1,1,1,1,2,2,0,1,3,0,2,3,0
975,0,2,0,0,5,3,3,4,1,1,2,2,0,0,0,2,0,2,1,1,0,1,1,3,0,2,1,0,2,3,0
976,1,2,1,0,4,2,4,0,2,0,2,2,2,4,0,1,0,0,1,1,1,1,1,1,0,1,3,0,1,2,0
977,0,2,0,0,4,2,2,0,0,0,2,2,5,5,0,1,1,1,0,1,5,1,3,4,2,3,1,0,2,3,0
978,0,2,1,0,5,3,2,0,0,0,1,2,5,4,0,1,1,1,1,1,4,0,3,3,0,,3,0,1,1,0
979,1,2,0,0,3,2,2,1,1,0,0,1,5,3,0,2,1,1,1,1,4,2,4,3,2,3,0,0,2,3,1
980,0,2,0,0,5,3,3,3,1,0,2,2,0,0,0,2,,2,1,1,5,0,0,0,0,5,0,0,2,5,0
981,1,2,0,0,8,2,0,0,1,1,0,2,5,3,0,2,0,1,1,1,,0,0,0,0,5,1,0,2,2,0
982,0,2,0,0,3,2,0,1,1,0,0,1,5,3,0,2,1,1,0,0,5,3,5,5,1,2,1,0,2,2,0
983,0,3,0,1,8,2,0,0,1,1,2,2,,2,0,,,,1,1,,2,5,5,1,,,,,,0
984,0,2,0,1,5,3,4,0,2,0,2,2,3,4,0,2,0,1,1,1,1,1,3,3,2,2,2,0,2,2,0
985,0,2,0,2,7,2,3,1,1,0,0,1,,1,0,1,0,0,1,1,4,0,0,0,0,5,5,0,2,2,0
986,0,2,0,0,1,3,4,0,0,1,1,2,5,5,0,1,,1,1,1,,1,2,1,0,2,4,0,2,5,1
987,0,3,0,0,6,3,4,2,1,1,2,2,,,0,,,1,0,1,,0,1,1,0,1,5,0,2,1,0
988,0,3,1,0,4,2,0,1,1,0,0,1,3,1,0,0,0,1,1,1,2,1,2,2,0,1,0,0,2,3,0
989,0,1,0,0,8,2,0,0,1,0,0,1,4,1,0,1,1,1,1,1,3,3,4,5,2,,2,1,,4,1
990,0,3,0,0,5,5,3,4,1,1,2,2,0,3,0,2,3,1,1,1,2,0,0,0,0,4,5,0,2,2,0
991,0,3,0,0,4,2,3,1,2,0,2,1,4,2,0,2,3,0,1,1,2,1,1,1,0,0,5,0,2,2,0
992,0,3,1,0,7,4,4,3,2,0,2,2,3,5,0,2,,1,1,1,,0,1,1,1,4,5,0,2,2,0
993,1,3,0,1,5,2,4,3,2,0,2,2,4,4,0,2,,1,1,1,0,2,3,2,2,2,5,0,2,0,0
994,0,3,0,0,4,2,5,1,2,0,0,1,0,4,0,2,1,1,0,1,5,1,2,4,2,,5,0,2,2,0
995,0,3,0,0,5,3,3,4,1,1,2,2,0,0,0,2,1,1,1,1,0,0,1,1,0,4,5,0,1,0,0
996,0,3,0,0,8,3,0,0,1,0,0,1,5,4,,2,0,1,1,1,3,2,5,5,2,2,0,0,2,0,0
997,0,3,1,0,3,3,4,0,1,0,2,2,2,0,0,2,0,1,1,1,2,0,0,0,0,,,,,,0
998,0,3,1,0,3,2,0,0,2,0,0,2,5,4,0,2,0,1,1,1,2,1,2,2,0,2,5,0,2,1,0
999,0,3,0,0,6,2,3,4,1,1,2,2,0,2,0,2,1,1,1,1,2,0,1,1,0,2,3,0,2,3,0
1000,0,3,0,0,7,5,0,0,1,0,2,2,,2,0,,0,1,1,1,1,0,0,0,0,3,0,1,0,3,0
1001,0,0,1,0,6,3,0,0,0,0,0,1,4,3,0,2,1,1,0,1,0,3,5,5,1,1,2,0,2,2,0
1002,1,3,0,0,,2,4,3,2,1,2,2,3,5,0,0,1,1,0,1,0,0,0,0,1,3,0,,2,1,0
1003,0,3,0,0,4,1,3,3,2,1,1,2,1,1,0,2,1,2,1,1,2,2,5,5,1,1,3,0,2,5,0
1004,0,3,0,1,3,2,2,1,2,0,2,1,4,2,0,2,0,1,0,1,4,0,4,4,2,,,0,2,3,0
1005,1,0,0,0,3,2,0,0,1,0,2,2,2,1,0,,,1,1,1,1,1,2,2,0,0,2,0,2,3,1
1006,0,0,0,0,4,5,4,0,0,0,1,0,5,3,0,2,0,1,1,1,0,1,2,3,0,1,2,,2,2,0
1007,0,0,0,0,3,2,0,1,1,0,2,1,,2,0,,0,1,1,1,,0,0,0,0,5,2,0,2,3,0
1008,0,0,0,0,6,0,4,4,1,1,2,2,0,1,0,2,1,1,1,1,,2,5,5,3,3,,,,5,0
1009,0,0,0,0,5,1,3,1,2,0,0,1,2,3,0,1,0,0,1,1,3,0,0,1,0,3,3,0,2,3,0
1010,0,0,0,0,1,3,0,1,1,1,0,1,3,2,0,,,1,0,1,,2,4,4,3,4,1,0,2,5,0
1011,1,1,0,0,3,2,5,1,1,0,0,1,5,3,0,1,,1,0,1,4,0,5,5,1,,,0,0,3,1
1012,0,0,1,0,4,2,1,0,1,0,2,2,5,1,0,1,1,1,1,1,5,2,3,4,2,2,3,0,2,2,0
1013,1,0,1,0,6,2,0,0,0,0,0,2,5,3,0,1,,0,0,1,5,0,5,5,1,2,0,0,2,6,0
1014,1,0,1,1,6,2,5,0,0,0,1,2,1,1,0,1,0,0,1,1,3,0,3,4,2,1,3,0,2,3,0
1015,0,0,0,1,8,5,5,0,0,0,0,2,5,3,0,1,0,2,0,1,5,3,5,4,1,,1,0,2,5,0
1016,0,0,0,1,5,2,4,1,2,0,0,1,4,4,0,2,,1,0,1,3,2,4,4,2,,5,0,2,1,0
1017,0,0,1,0,7,2,4,0,0,0,0,2,3,5,0,2,0,1,0,1,0,0,1,0,1,3,2,0,2,4,0
1018,0,0,0,0,5,2,4,0,0,0,1,2,4,5,0,2,0,1,0,1,,2,2,4,2,1,5,,2,2,0
1019,1,0,1,0,4,5,3,0,0,1,1,2,1,2,0,2,1,1,1,1,3,0,1,1,0,,2,0,2,5,0
1020,1,1,0,0,3,2,1,0,1,0,0,1,4,2,0,1,2,1,1,1,5,3,4,5,2,,2,0,2,2,1
1021,0,0,1,0,5,5,0,1,1,0,0,1,3,2,0,2,1,1,1,1,5,0,4,4,2,5,,1,1,5,0
1022,0,1,0,0,3,2,2,0,2,0,2,2,5,4,0,1,1,1,1,1,2,0,3,3,2,1,2,0,2,4,0
1023,0,1,0,0,3,2,2,0,2,0,1,2,1,1,,,,1,1,1,,0,0,0,0,,,,,,0
1024,0,1,0,2,4,2,4,0,0,0,0,1,5,4,0,1,0,1,1,1,4,1,3,3,0,1,4,0,2,5,0
1025,1,1,0,0,3,2,2,0,0,0,1,2,5,4,0,2,0,1,1,1,0,2,3,3,2,1,3,0,2,5,0
1026,0,1,0,0,3,2,0,3,2,0,2,2,,5,0,,,1,1,1,1,1,1,1,0,,,,,,0
1027,0,1,0,0,,2,3,1,1,0,0,1,3,2,0,1,,0,1,1,,1,1,1,0,1,0,0,2,6,0
1028,0,1,0,0,4,0,4,3,0,0,2,2,4,5,0,2,1,1,1,1,,2,4,5,1,3,3,0,2,6,1
1029,1,1,0,0,,2,3,1,1,0,0,1,1,2,0,2,,0,1,1,1,1,3,1,0,3,2,0,2,5,1
1030,0,1,0,0,4,2,1,0,2,0,0,2,5,3,0,2,,1,0,1,5,3,4,5,2,2,4,0,2,5,0
1031,1,1,0,0,5,2,1,0,0,0,1,0,5,2,0,1,,1,0,0,4,0,5,5,1,3,4,0,2,6,1
1032,0,1,1,0,5,2,4,0,0,1,1,2,4,3,0,2,0,1,1,1,2,1,2,2,0,4,0,0,,5,0
1033,0,1,0,0,4,2,4,1,2,0,0,1,4,2,0,2,0,1,1,1,1,1,2,2,0,1,2,1,2,5,0
1034,0,1,1,0,8,0,4,3,2,0,1,2,4,4,0,1,0,1,1,1,0,1,3,1,0,2,2,,2,5,0
1035,0,1,1,0,6,2,0,1,0,0,0,1,5,4,0,2,,1,1,1,4,2,5,5,2,1,5,0,2,2,1
1036,0,1,0,0,4,2,0,0,1,0,2,2,5,5,0,2,0,1,1,1,2,0,0,0,0,3,2,,,6,0
1037,1,1,1,0,6,2,2,0,2,0,2,2,5,4,0,1,0,1,1,1,3,1,3,4,2,1,3,0,2,3,1
1038,0,1,0,0,3,2,2,1,0,0,0,0,5,2,0,2,2,1,1,1,3,1,2,2,0,0,3,0,2,4,0
1039,0,1,0,0,4,2,1,1,0,0,0,1,5,2,0,1,1,1,1,1,2,0,4,4,2,0,2,0,2,2,0
1040,0,1,1,0,8,3,0,1,0,0,0,1,4,4,0,2,0,1,0,1,2,1,3,3,0,,3,0,2,5,0
1041,0,1,1,0,6,2,2,0,2,0,0,2,4,2,0,2,0,1,0,1,2,0,2,3,0,1,1,0,2,5,0
1042,1,1,1,0,5,5,0,1,1,0,2,1,4,5,0,2,,1,1,1,,0,1,1,0,,,0,,,1
1043,0,1,0,0,8,3,2,1,0,0,1,0,5,2,0,,,1,0,1,3,1,2,2,0,1,2,0,2,4,1
1044,0,1,0,0,4,5,2,0,1,0,0,1,4,2,0,2,0,1,1,1,1,1,2,2,0,3,3,0,2,5,0
1045,0,1,0,0,4,2,2,0,2,0,2,2,5,4,0,2,0,1,0,1,3,0,4,3,2,2,0,0,2,6,0
1046,1,1,0,0,2,0,4,0,0,0,1,2,5,5,0,1,1,0,1,1,2,2,5,5,3,1,1,0,2,5,0
1047,0,1,0,0,8,2,1,0,2,0,2,2,5,2,0,1,0,1,1,1,4,0,3,4,2,3,2,0,2,4,0
1048,1,1,1,0,5,2,0,0,1,0,0,2,5,5,0,0,1,1,1,1,5,1,4,4,2,3,5,0,2,5,1
1049,0,1,0,0,2,3,5,1,1,0,0,1,5,3,,1,1,0,0,1,1,0,2,3,2,0,3,0,2,5,0
1050,0,2,0,0,8,5,3,1,0,1,1,0,5,0,0,2,0,2,1,0,3,0,0,0,0,2,2,0,2,5,0
1051,1,3,0,0,3,2,1,1,1,0,0,1,5,2,0,1,,1,1,1,5,1,3,4,2,2,5,0,2,2,1
1052,0,2,0,0,5,5,4,3,0,0,1,2,4,4,0,1,0,1,0,1,0,0,1,0,1,2,3,0,2,5,0
1053,1,2,1,0,5,2,4,0,2,0,1,2,1,5,0,2,0,1,0,1,,0,1,0,0,3,5,0,2,3,1
1054,0,2,0,0,5,3,3,0,2,0,0,2,3,2,0,2,1,2,1,1,3,2,5,5,2,3,1,,2,3,0
1055,0,2,0,0,3,2,1,0,2,0,0,2,5,5,0,0,1,1,1,1,4,2,4,4,2,,3,0,2,2,1
1056,0,2,1,0,7,3,4,3,2,0,2,2,4,5,0,2,1,1,1,1,,1,3,3,2,4,1,0,2,4,0
1057,0,2,0,0,5,3,4,0,1,0,0,2,5,3,0,2,,1,1,1,,2,2,3,2,,1,0,2,6,0
1058,0,2,1,0,7,3,0,0,2,0,1,0,4,5,0,1,0,1,1,1,3,0,2,1,1,5,0,,2,1,0
1059,0,2,1,0,0,2,0,3,2,0,2,2,4,5,0,0,0,,1,1,2,1,2,2,0,5,5,0,2,3,0
1060,0,2,1,0,4,2,4,0,0,0,0,2,5,4,0,0,3,1,1,1,5,2,4,4,2,3,2,0,2,5,0
1061,0,2,0,0,1,0,4,3,1,0,2,2,0,4,0,2,0,1,1,1,2,0,0,1,0,,5,0,2,2,0
1062,0,2,0,0,7,2,4,3,1,0,2,2,,5,0,2,0,1,1,1,0,1,2,2,0,3,3,0,2,1,0
1063,0,2,0,1,0,0,0,1,1,0,0,1,4,3,0,2,1,1,1,1,4,1,5,5,3,3,1,1,1,1,0
1064,0,2,0,0,0,2,4,0,0,0,0,2,5,4,0,2,1,1,1,1,3,2,4,2,2,3,5,1,0,3,0
1065,0,2,1,0,8,5,0,0,1,0,2,2,5,3,0,2,0,1,1,1,3,2,5,5,2,3,4,,2,2,0
1066,0,2,0,0,2,0,3,0,0,0,0,0,3,1,0,2,1,1,0,1,4,2,4,4,2,3,5,0,2,4,0
1067,0,3,1,0,3,2,4,3,0,0,0,2,5,4,0,2,0,,1,1,0,1,2,3,0,1,4,,,2,0
1068,0,3,1,0,3,3,0,0,0,0,1,1,5,4,0,1,1,1,1,1,5,1,3,2,2,,5,,2,1,0
1069,0,3,1,0,6,2,4,0,0,0,1,2,5,4,0,1,0,1,1,1,2,1,3,4,1,1,3,0,2,2,0
1070,0,2,0,0,7,2,3,1,0,0,1,1,5,4,0,1,,0,1,1,1,1,2,1,0,,5,0,2,2,0
1071,1,3,0,0,5,2,0,0,1,0,2,2,4,1,0,2,0,1,1,1,,1,2,3,0,2,1,0,2,2,0
1072,0,3,0,0,5,5,4,3,2,0,1,2,3,5,0,2,0,1,1,1,1,1,2,2,0,2,0,0,2,1,0
1073,0,3,1,0,5,4,3,3,2,0,2,2,0,4,0,1,3,1,1,1,3,0,1,1,1,,3,0,2,3,0
1074,0,3,1,0,4,2,5,1,0,0,0,1,5,3,0,2,1,,0,1,5,0,2,4,2,5,3,,2,1,0
1075,0,3,1,0,4,5,0,0,1,0,0,2,4,1,0,2,,,1,1,0,1,1,3,0,0,5,0,1,1,0
1076,0,3,0,1,,2,0,0,0,0,0,2,3,4,0,2,1,1,1,1,4,1,4,4,2,,4,0,,1,1
1077,0,3,0,0,8,1,3,3,0,1,1,2,3,3,1,1,1,2,1,1,3,1,1,1,0,1,5,0,2,1,0
1078,0,3,0,0,7,2,4,3,2,0,1,2,2,4,0,1,3,1,1,1,2,1,2,1,1,2,3,0,2,1,0
1079,1,0,0,1,0,2,4,3,2,0,1,2,4,3,0,,,1,1,1,0,1,2,1,0,5,1,,2,1,1
1080,0,3,1,0,3,3,1,0,2,0,2,2,5,3,0,1,1,1,1,1,4,3,4,4,2,,5,0,2,0,0
1081,0,3,0,0,5,3,3,1,2,0,0,1,4,1,0,2,0,2,1,1,3,0,0,0,0,3,2,0,2,4,0
1082,1,3,0,0,1,2,0,0,1,1,0,2,5,4,1,2,,1,1,1,4,2,4,4,2,4,2,0,1,5,1
1083,0,3,1,0,5,5,4,0,0,0,1,2,5,4,0,2,0,1,1,1,0,2,3,3,2,2,5,0,2,0,0
1084,0,3,0,0,8,1,3,2,1,0,2,1,3,0,0,1,1,2,0,1,4,1,3,4,2,1,1,0,2,4,0
1085,0,3,1,0,3,2,0,0,1,0,2,2,3,4,0,1,1,1,1,1,5,1,3,4,2,2,1,0,2,2,0
1086,0,3,0,0,7,2,5,3,1,0,2,2,3,2,0,1,1,0,0,1,,1,4,4,2,3,4,0,2,3,0
1087,0,3,1,0,3,2,0,0,1,0,2,2,0,1,0,2,3,1,0,1,1,1,2,4,0,4,0,0,2,3,0
1088,0,0,0,0,5,3,4,1,0,0,1,0,4,4,0,1,0,0,1,1,2,1,2,3,0,3,0,0,,5,0
1089,0,0,0,0,5,3,4,2,1,1,2,2,0,3,0,2,0,1,1,1,1,2,3,3,1,3,5,0,2,4,0
1090,0,0,1,0,5,2,0,3,2,1,0,2,4,4,0,2,1,1,1,1,2,1,2,3,0,5,1,0,2,4,0
1091,0,0,1,0,3,2,2,0,2,0,2,2,5,2,0,2,1,1,1,1,5,2,3,3,2,3,5,0,2,3,0
1092,0,0,0,0,3,2,1,0,2,0,2,2,5,5,0,1,1,,1,1,2,1,3,3,2,3,0,,2,1,0
1093,0,0,0,0,5,2,4,3,1,0,2,2,2,3,0,0,1,,1,1,2,3,4,5,2,,1,0,2,0,0
1094,0,0,1,0,5,3,4,3,1,0,2,2,,5,,,,,0,1,,1,4,4,2,2,0,0,2,4,0
1095,0,0,1,0,5,3,4,3,1,0,2,2,2,5,0,2,0,1,1,1,0,2,3,3,2,2,5,0,2,2,0
1096,1,0,0,0,3,2,2,0,2,0,2,2,5,4,0,2,1,1,1,1,2,1,2,3,0,3,2,0,2,4,0
1097,0,0,0,0,5,0,3,0,1,0,0,1,5,4,0,1,0,2,0,1,0,1,4,5,2,,2,0,2,5,0
1098,0,1,1,0,3,2,1,1,2,0,0,1,4,2,0,1,1,1,1,1,5,2,3,4,2,,3,0,2,2,0
1099,0,0,0,0,6,2,0,1,0,0,1,1,5,5,0,1,1,1,1,1,3,1,3,2,0,5,3,0,2,2,0
1100,0,0,0,0,8,4,2,0,2,0,2,2,5,3,0,2,3,1,0,1,4,1,5,5,1,1,4,0,2,2,0
1101,0,0,0,0,8,5,1,1,1,0,0,1,4,1,0,1,,1,1,1,3,0,3,4,2,4,0,0,2,6,0
1102,0,1,0,0,2,3,5,0,1,0,0,2,5,4,0,1,1,,0,1,5,3,5,5,0,3,0,0,2,6,1
1103,1,0,0,0,3,2,2,1,1,0,0,1,4,3,0,2,1,1,0,1,4,1,3,4,2,3,1,0,2,3,0
1104,0,0,0,0,5,2,5,0,2,0,0,2,3,2,,2,,2,1,1,5,2,5,5,3,3,5,,2,2,1
1105,1,0,0,0,3,2,0,0,2,0,0,1,4,1,0,1,1,2,0,0,3,1,1,4,1,3,4,0,2,6,1
1106,1,1,0,0,0,2,4,2,1,1,2,2,0,2,0,2,,1,1,1,,1,2,3,0,2,2,1,0,4,0
1107,0,1,0,0,6,0,4,0,2,0,0,2,4,1,0,2,1,1,1,1,4,0,1,1,0,,2,0,2,5,0
1108,0,1,0,0,5,3,3,0,0,0,0,1,5,5,0,1,0,2,1,1,3,1,2,2,0,,3,0,2,5,0
1109,0,1,0,1,8,3,3,1,2,0,0,1,0,2,0,1,1,2,1,1,4,3,5,5,2,1,3,0,2,5,0
1110,0,1,0,0,3,2,2,1,0,0,0,1,4,1,0,2,0,1,1,1,1,2,3,3,2,,5,0,2,5,0
1111,0,1,0,0,5,2,4,1,2,1,1,0,3,5,0,1,1,1,1,1,3,1,3,2,0,,3,0,2,4,1
1112,0,1,0,0,3,5,0,3,1,1,2,2,1,5,0,0,1,1,0,0,0,0,0,0,1,3,0,0,2,3,0
1113,0,1,0,0,2,2,1,1,2,0,0,1,4,1,0,1,3,1,0,1,5,3,5,5,1,5,2,0,2,6,0
1114,0,1,1,0,7,2,2,0,1,0,0,1,5,1,0,2,1,1,1,1,5,2,4,5,2,0,,,2,,0
1115,0,1,0,0,3,2,2,0,1,0,0,2,,3,,2,,,1,1,,1,2,3,0,3,3,0,2,5,0
1116,0,1,0,0,3,2,2,0,2,0,2,1,0,3,0,,,,1,1,,1,2,3,0,1,3,0,2,5,0
1117,0,1,1,0,8,2,4,1,1,0,0,1,4,1,0,1,1,1,1,1,2,0,3,2,0,5,0,0,2,3,1
1118,0,1,1,0,3,2,2,0,2,0,0,1,4,1,0,2,0,1,1,1,,2,3,3,2,5,4,1,0,5,0
1119,0,1,0,0,4,2,4,3,2,0,2,2,4,5,0,1,1,1,1,1,2,1,1,1,0,4,4,0,2,5,0
1120,0,1,1,0,3,2,2,1,1,0,0,1,5,3,0,2,1,1,0,1,2,1,2,3,0,0,3,0,1,2,0
1121,0,1,0,0,3,2,2,0,2,0,1,2,5,5,0,2,0,1,0,1,1,1,2,3,0,0,4,0,1,2,0
1122,0,1,0,0,3,2,2,0,1,0,2,1,3,1,0,2,,,0,1,,0,4,3,2,5,3,0,2,5,0
1123,0,1,0,0,,5,4,3,1,0,2,2,0,1,0,2,2,,1,1,0,1,3,2,0,5,0,0,2,5,0
1124,0,1,1,0,5,0,3,4,2,1,2,2,1,1,0,0,0,2,1,1,2,0,0,0,0,,5,0,2,5,0
1125,0,1,0,0,7,3,4,0,0,1,1,2,5,4,0,1,0,1,0,1,0,0,1,0,1,,4,0,2,4,0
1126,0,1,1,1,4,2,4,3,1,0,2,2,,4,0,,,,1,1,,1,2,2,0,,2,0,2,4,0
1127,0,1,1,2,3,3,0,0,1,0,2,2,2,3,0,2,,1,1,1,2,1,2,3,0,,0,0,2,3,0
1128,0,1,1,1,3,3,4,0,2,0,0,1,,2,0,2,0,1,1,1,,1,2,2,0,,2,0,1,4,0
1129,0,2,0,0,3,2,2,1,1,0,0,1,4,2,0,2,1,,1,1,5,3,4,5,2,,3,0,2,3,0
1130,0,1,0,0,7,3,0,1,1,0,0,1,4,3,0,2,2,,1,1,2,1,2,3,0,3,3,0,2,2,0
1131,0,1,0,0,3,3,1,0,2,0,0,2,3,2,0,0,0,1,1,0,2,1,2,3,0,,3,0,2,2,0
1132,0,1,1,0,6,3,0,0,0,0,0,2,5,4,0,2,0,1,0,1,3,0,0,1,0,0,2,0,1,4,0
1133,0,1,1,0,3,2,2,1,0,0,1,0,5,5,0,2,1,1,1,1,,3,4,2,2,3,3,0,2,2,0
1134,1,2,1,0,3,2,0,1,1,0,0,1,0,2,0,2,0,1,1,1,3,0,0,0,0,3,4,0,2,3,0
1135,0,2,0,0,6,2,4,3,2,0,2,2,2,5,0,1,3,1,1,1,2,1,3,1,0,1,0,0,2,5,0
1136,0,2,0,0,8,2,0,1,1,0,0,1,3,1,0,2,1,1,1,1,5,3,4,5,2,,4,0,2,3,0
1137,0,2,0,0,4,1,3,1,2,0,0,1,4,5,0,1,0,0,1,1,3,2,5,5,3,1,2,,2,3,0
1138,0,2,0,0,3,2,2,0,1,0,2,2,0,0,0,2,,,1,1,,2,3,3,2,2,1,0,2,5,0
1139,0,2,0,0,,2,2,0,1,0,2,2,1,1,0,0,1,1,0,1,5,1,3,4,2,1,5,0,2,3,0
1140,0,2,0,0,3,2,2,0,1,0,2,2,4,0,0,2,2,1,0,1,1,2,3,3,2,2,3,0,2,4,0
1141,0,2,0,0,1,3,5,1,1,0,0,1,4,2,0,1,0,2,1,1,1,2,5,5,3,,,1,0,0,0
1142,0,2,0,0,5,2,3,4,1,1,2,2,0,2,0,2,0,,1,1,2,1,2,3,0,3,2,0,2,4,0
1143,0,2,0,0,6,0,5,0,2,0,1,2,1,2,0,2,0,1,1,1,4,2,4,3,2,1,2,0,2,5,0
1144,0,2,0,1,0,2,2,1,2,0,2,1,4,2,0,2,1,1,0,1,5,0,4,4,2,0,3,0,2,2,0
1145,0,2,0,1,0,0,0,0,2,0,0,1,4,3,0,2,1,1,1,1,2,3,5,4,1,,,1,0,1,0
1146,0,2,0,0,2,2,0,0,1,0,2,2,5,3,0,2,0,,1,1,3,0,0,0,0,5,0,0,2,5,0
1147,0,2,1,0,5,2,3,4,1,1,2,2,0,2,0,2,0,1,1,1,3,0,0,0,0,,5,0,2,1,0
1148,0,3,0,0,4,1,4,3,1,0,2,2,4,4,0,2,1,,1,1,0,2,5,5,2,3,3,0,2,4,0
1149,0,2,1,0,5,2,3,1,2,1,1,0,3,5,0,1,3,,1,1,2,0,2,0,0,1,5,0,2,1,0
1150,1,2,0,0,,2,4,0,1,0,0,2,5,3,0,1,1,0,1,1,,0,4,4,2,,5,0,2,2,1
1151,0,2,0,0,6,2,0,3,2,0,1,2,3,5,0,1,1,,0,1,0,0,1,0,1,0,3,0,2,1,0
1152,0,3,0,0,5,3,0,1,1,0,2,1,3,2,0,1,1,2,1,1,5,1,3,4,2,2,1,0,2,3,0
1153,0,3,0,0,5,2,4,1,2,0,0,1,5,4,0,1,0,1,0,1,0,0,1,1,0,2,0,0,2,4,1
1154,0,3,1,0,3,2,0,0,2,0,0,1,5,5,0,0,0,,1,0,4,0,0,1,0,,5,0,2,2,0
1155,0,3,0,0,8,3,5,0,2,0,0,2,3,2,0,2,1,2,1,1,2,3,5,4,1,2,5,0,2,2,0
1156,0,3,0,0,6,2,3,4,1,1,2,2,0,5,0,2,,2,1,1,,0,1,0,0,2,5,0,2,2,0
1157,0,3,0,0,3,0,0,0,1,0,0,2,5,2,0,1,1,1,1,1,2,1,3,4,2,1,5,0,2,1,0
1158,0,3,1,0,5,2,0,1,1,0,0,1,3,2,0,1,1,1,1,1,4,3,4,5,1,5,2,0,2,4,0
1159,0,3,0,0,7,3,0,0,2,0,0,2,4,3,0,2,0,1,1,1,1,1,2,3,0,2,4,0,2,2,0
1160,0,3,0,0,5,4,0,3,2,0,2,2,,5,0,,,1,0,1,0,0,1,0,0,3,5,0,2,1,0
1161,0,3,0,0,2,3,4,3,1,0,2,2,0,5,0,0,3,1,1,1,0,1,3,3,0,1,3,0,1,2,0
1162,0,3,1,0,5,2,4,1,0,0,1,1,5,5,0,,1,1,1,1,5,0,2,3,0,,5,0,,2,0
1163,0,0,0,1,8,3,5,0,2,0,0,2,4,3,0,0,1,1,1,1,2,2,5,5,3,0,3,0,2,2,0
1164,0,0,0,0,4,2,1,1,1,0,0,1,5,2,0,1,1,1,1,1,5,0,3,4,2,4,2,0,2,1,0
1165,0,0,1,0,3,2,2,0,2,0,2,2,4,4,0,2,1,1,0,1,3,0,4,4,2,,1,0,2,3,0
1166,0,0,0,0,7,2,3,3,2,1,1,2,0,1,0,2,0,2,1,1,3,0,0,1,0,2,4,0,2,1,0
1167,0,0,0,0,5,0,4,3,2,0,1,2,3,4,0,2,2,1,1,1,,1,2,3,0,,5,0,2,1,0
1168,0,0,1,0,7,2,4,1,0,0,1,0,5,5,0,2,0,1,1,1,1,0,0,0,0,,3,0,2,2,0
1169,0,0,1,0,0,2,0,0,1,0,0,2,5,3,0,2,1,,1,0,,3,5,5,3,4,,,2,,0
1170,0,0,0,0,3,5,4,0,0,0,0,2,5,5,0,2,,1,1,1,1,1,2,2,0,2,3,0,2,5,0
1171,0,0,0,1,7,4,3,3,1,0,0,2,0,1,0,2,0,1,1,1,5,0,0,0,0,3,2,0,2,5,0
1172,0,0,1,0,0,2,4,3,1,0,2,2,,5,0,2,1,1,1,1,5,0,1,1,0,1,3,1,0,2,0
1173,0,0,0,0,4,2,2,1,0,0,0,1,5,2,0,2,1,1,0,1,4,0,4,3,2,2,2,0,2,4,0
1174,0,0,0,0,8,4,4,3,2,0,2,2,5,4,0,2,0,,1,1,2,0,0,0,0,5,0,0,2,4,0
1175,0,0,1,0,7,2,3,4,1,1,2,2,0,2,1,2,0,2,0,1,2,1,2,3,0,2,0,0,2,2,0
1176,0,0,0,0,3,2,2,0,2,0,2,2,5,3,0,2,1,1,0,1,4,1,4,4,2,4,3,0,2,5,0
1177,0,0,0,0,5,2,2,1,1,0,0,1,4,3,0,2,0,1,0,1,1,1,2,3,0,,3,0,2,4,0
1178,0,0,0,0,3,2,2,0,0,0,0,1,5,3,0,2,1,1,1,1,5,2,4,4,2,,4,0,2,3,0
1179,0,0,0,0,6,2,4,3,0,0,1,2,4,3,0,2,1,1,1,1,2,2,5,4,0,2,3,0,2,6,0
1180,0,1,0,0,5,5,0,0,1,0,2,2,3,4,0,2,1,,0,1,,3,5,5,1,5,3,0,2,4,0
1181,0,0,0,0,5,5,3,3,2,0,2,2,1,4,0,2,0,2,1,0,1,1,2,2,0,4,4,0,2,3,0
1182,0,0,0,0,7,2,3,2,1,1,2,2,0,0,0,2,2,2,1,1,5,2,4,2,2,4,0,0,2,6,0
1183,0,1,1,0,2,3,3,0,0,1,1,0,5,4,0,2,0,1,1,1,3,0,0,0,0,1,3,0,1,5,0
1184,0,1,1,0,8,5,4,3,2,1,2,2,0,4,0,0,0,1,0,0,0,0,0,0,1,1,2,0,2,3,0
1185,0,1,0,0,8,2,0,1,0,0,0,1,5,3,0,1,,1,1,1,1,0,1,1,0,1,2,0,2,0,0
1186,0,1,1,0,5,1,4,3,2,0,2,2,4,5,0,2,,2,1,1,5,2,4,2,2,0,3,,1,4,0
1187,0,1,0,0,5,5,4,1,1,0,0,1,3,2,0,2,1,1,0,1,4,2,5,4,2,,4,0,2,4,0
1188,0,1,1,0,5,2,3,2,1,1,2,2,0,0,0,2,0,,1,1,1,1,2,2,0,3,3,0,2,2,0
1189,0,1,0,0,5,1,3,1,0,0,0,1,4,3,0,1,1,0,1,1,1,3,4,5,2,2,4,0,1,4,0
1190,0,1,0,0,7,4,3,2,1,1,2,2,0,4,1,2,0,2,1,1,3,0,0,0,0,3,3,0,2,6,0
1191,0,1,0,0,6,3,3,1,1,0,0,1,1,2,0,1,1,0,1,1,1,0,1,0,0,2,1,0,2,5,0
1192,0,1,1,0,4,0,4,0,2,0,2,2,4,2,0,2,2,1,1,1,5,2,4,4,2,3,0,0,,2,0
1193,0,1,0,0,5,2,4,3,1,0,2,2,0,2,0,2,1,,1,1,2,2,4,5,3,2,3,0,2,6,0
1194,0,1,0,0,3,2,1,1,1,1,0,1,,2,0,2,1,1,1,1,5,2,4,5,2,4,2,0,2,5,0
1195,0,1,0,0,5,1,3,4,1,1,2,2,0,2,0,2,0,2,1,1,3,1,2,2,0,,5,0,,4,0
1196,0,1,0,0,3,2,2,0,0,0,1,2,5,2,0,2,1,1,0,1,4,1,4,4,2,1,1,0,2,5,0
1197,0,1,0,0,5,3,4,1,1,0,0,1,3,1,0,0,0,,1,1,2,1,2,2,0,,1,0,2,3,0
1198,0,1,0,0,3,2,2,1,1,0,0,1,3,1,0,2,0,1,0,1,2,1,2,2,0,2,4,0,2,4,1
1199,0,1,0,0,3,2,2,0,1,0,0,1,4,2,0,2,,1,1,1,,1,2,2,0,1,2,0,2,5,0
1200,0,1,0,0,7,3,4,3,1,0,2,2,1,5,0,2,0,,1,1,1,1,2,3,0,,3,0,2,5,0
1201,0,1,0,0,6,2,5,1,1,0,2,1,4,2,0,2,1,0,1,1,2,3,5,5,3,,,,,,0
1202,0,1,1,0,3,2,2,0,2,0,0,2,3,1,,2,2,1,1,1,2,1,2,2,0,2,3,0,2,4,0
1203,0,1,0,0,3,2,0,0,0,0,0,2,5,3,0,1,1,1,1,1,3,1,3,4,2,,5,0,2,2,0
1204,0,1,1,0,5,1,4,0,1,0,2,2,2,1,0,0,,1,1,0,,1,2,2,0,5,0,0,2,6,0
1205,0,1,0,0,3,2,2,0,1,0,2,2,3,1,0,2,1,1,0,1,1,2,3,3,2,2,4,0,2,4,0
1206,0,1,1,2,8,3,4,3,2,0,2,2,4,3,0,2,1,1,1,1,0,2,4,4,3,,2,0,2,4,1
1207,0,1,0,0,5,3,0,0,1,0,2,2,2,2,0,2,0,1,1,1,2,1,2,2,0,3,3,0,2,5,0
1208,0,2,0,0,5,1,3,1,0,0,0,1,2,2,0,1,0,0,1,1,3,0,0,0,0,1,1,0,2,5,1
1209,0,2,0,0,6,2,3,3,2,1,1,2,2,3,1,2,0,1,1,1,3,0,0,0,0,3,5,0,2,2,0
1210,0,2,1,0,7,3,4,3,0,0,1,2,3,3,0,2,1,0,1,1,0,2,4,4,3,2,5,0,2,2,0
1211,0,2,1,0,7,3,1,0,1,0,0,2,1,0,0,2,3,,1,1,,1,2,3,0,3,2,0,2,5,0
1212,0,3,0,0,5,3,3,0,1,0,0,2,5,3,0,2,,,1,1,3,3,4,5,2,1,,,0,,0
1213,0,2,1,0,5,2,3,3,2,0,2,2,1,2,0,2,1,2,1,1,0,0,0,0,0,3,2,0,2,4,0
1214,0,2,1,0,3,5,4,0,2,1,1,2,4,5,0,1,3,1,0,0,0,0,0,0,1,3,4,0,2,2,0
1215,0,2,0,0,5,1,0,0,0,0,1,1,0,4,,2,1,,1,1,4,1,2,3,2,4,2,0,2,1,0
1216,0,3,0,0,8,3,0,0,1,0,2,2,5,1,0,2,,,1,1,,1,4,4,2,,,,2,0,0
1217,0,3,0,0,5,1,3,3,0,1,1,2,0,5,0,2,0,0,1,1,3,0,0,0,0,3,5,0,2,1,0
1218,0,3,0,0,8,5,4,3,2,1,1,2,3,5,0,2,1,1,0,0,0,0,0,0,1,,5,,2,1,0
1219,0,3,0,0,5,3,3,3,1,0,2,2,1,2,0,2,,2,1,1,4,2,4,4,3,4,,0,,,0
1220,1,3,0,0,5,3,1,0,1,0,0,1,5,4,0,,,2,0,0,5,3,5,5,1,2,3,0,2,4,1
1221,0,3,1,0,,1,3,0,1,0,2,2,5,3,0,0,1,2,1,1,5,3,5,5,1,,4,0,2,2,0
1222,1,1,0,0,3,2,2,0,2,0,0,2,4,2,0,2,,1,1,1,2,1,2,3,0,1,5,0,2,5,1
1223,0,0,1,0,4,2,4,0,1,0,2,2,2,4,0,2,1,1,1,1,1,2,4,4,3,,0,0,2,2,0
1224,0,1,0,0,4,5,4,0,2,0,2,2,2,3,0,2,,1,1,1,0,1,2,2,0,3,2,0,2,6,0
1225,1,3,0,0,3,2,4,0,2,0,0,1,4,2,0,2,1,1,1,1,,3,5,5,2,0,5,1,1,3,1
1226,1,0,0,0,6,2,0,0,1,0,0,1,4,3,0,0,1,1,1,1,0,1,5,4,1,2,3,0,2,5,1
1227,1,1,1,0,5,2,4,3,2,1,2,2,1,4,0,1,,1,0,1,,0,1,0,1,1,2,0,2,5,1
1228,1,1,1,0,3,2,2,0,2,0,0,2,3,1,0,2,1,1,0,1,4,1,4,4,2,2,4,0,2,5,0
1229,0,1,0,0,5,1,3,1,1,0,0,1,5,5,0,2,,2,1,1,5,2,4,4,2,3,4,0,2,6,0
1230,0,1,1,0,8,2,2,0,0,0,0,2,5,5,0,2,1,0,1,1,2,1,2,2,0,3,3,0,2,5,0
1231,0,1,1,0,6,0,4,3,0,0,1,2,4,5,0,1,1,1,1,1,2,1,1,1,0,1,2,0,2,6,0
1232,0,2,1,0,4,2,2,0,1,0,2,2,4,2,0,1,0,1,1,1,3,1,2,4,2,2,4,0,2,5,0
1233,0,2,0,0,1,2,2,0,2,0,2,2,4,3,0,1,0,1,0,1,4,1,3,4,2,2,2,0,2,5,0
1234,0,2,0,0,8,4,4,3,1,1,0,2,0,2,0,2,1,1,1,1,1,1,2,2,0,2,2,0,2,0,0
1235,1,0,1,0,3,2,4,0,2,1,1,2,3,4,0,2,0,1,1,1,,1,2,3,2,4,3,0,2,5,0
1236,0,1,1,0,6,2,0,0,1,0,0,1,2,1,0,2,1,1,1,1,2,3,5,5,2,1,1,0,2,4,0
1237,0,2,0,0,,1,3,0,2,0,1,0,1,2,0,1,3,,1,1,2,1,1,1,1,2,0,0,2,2,0
1238,0,3,1,0,4,2,4,0,0,0,0,2,4,4,0,2,0,1,1,1,1,1,2,3,0,,4,0,2,5,0
1239,1,1,0,0,5,2,4,3,2,0,2,2,3,5,0,0,,1,1,1,0,2,3,3,2,1,2,0,2,6,0
1240,1,2,1,0,8,0,3,1,1,0,0,1,2,1,1,1,0,0,1,1,3,0,0,0,0,1,2,0,2,3,1
1241,1,3,0,1,3,2,2,0,2,0,1,0,5,3,0,2,1,0,0,1,5,0,5,5,1,1,4,0,2,1,0
